S,O,D,A,4,R,7,3,1,_,_,A,S,O
S,O,D,A,2,S,1,4,_,_,_,S,M,K
S,O,D,A,1,S,1,1,_,_,_,M,A,T
S,O,D,A,3,R,7,2,3,_,_,A,S,O
S,O,D,A,3,R,3,2,7,_,_,A,G,N
S,O,D,H,1,P,0,2,_,_,_,F,L,T
S,O,D,A,3,R,7,9,8,_,_,A,R,T
S,O,D,A,1,R,4,0,5,B,_,A,R,S
S,O,D,A,3,R,6,8,3,_,R,V,A,V
S,O,D,A,1,R,4,0,5,B,_,A,R,T
S,O,D,A,3,R,3,1,1,_,_,A,G,N
S,O,D,H,1,_,_,_,_,_,_,L,_,L
S,O,D,C,1,S,P,0,3,_,_,F,L,T
S,O,D,A,4,R,6,4,5,_,R,V,A,V
S,O,D,A,1,R,2,8,8,_,_,A,G,N
S,O,D,A,3,R,4,1,9,_,_,A,G,N
S,O,D,A,3,C,6,1,1,_,_,A,S,O
S,O,D,A,1,R,5,6,2,A,_,A,S,O
S,O,D,A,1,R,5,3,4,_,_,A,R,S
S,O,D,A,1,R,5,3,4,_,_,A,R,T
S,O,D,A,_,C,H,1,_,C,H,W,R,T
S,O,D,A,3,R,4,6,5,_,4,A,R,S
S,O,D,A,2,_,_,_,_,E,V,E,N,T
S,O,D,A,3,R,3,2,9,_,_,A,R,S
S,O,D,A,3,R,4,6,5,_,4,A,R,T
S,O,D,A,4,R,3,6,7,_,_,A,S,O
S,O,D,A,3,R,5,7,9,_,_,A,R,T
S,O,D,A,1,R,5,1,6,_,_,V,A,V
S,O,D,A,4,R,3,6,5,_,_,A,S,O
S,O,D,A,3,R,5,7,9,_,_,A,R,S
S,O,D,A,3,R,7,1,9,_,_,A,G,N
S,O,D,A,1,R,4,1,6,_,_,A,S,O
S,O,D,A,3,R,7,9,8,_,_,A,R,S
S,O,D,A,1,R,3,3,0,A,_,A,G,N
S,O,D,A,1,R,1,8,4,_,_,A,G,N
S,O,D,A,1,R,4,3,8,_,_,A,G,N
S,O,D,A,4,R,5,7,3,_,_,A,R,S
S,O,D,A,3,E,1,7,_,_,_,S,_,S
S,O,D,A,4,R,5,7,3,_,_,A,R,T
S,O,D,A,1,R,6,5,2,_,_,V,A,V
S,O,D,A,1,R,2,8,8,_,_,T,M,R
S,O,D,C,1,C,2,_,_,_,_,T,M,R
S,O,D,C,P,1,_,_,_,_,_,A,L,M
S,O,D,C,1,S,_,_,_,_,_,R,W,T
S,O,D,A,1,S,1,1,_,_,_,S,A,S
S,O,D,A,1,S,1,1,_,_,_,S,A,T
S,O,D,A,4,S,1,8,_,_,_,C,V,P
S,O,D,C,1,S,_,_,_,_,_,T,O,N
S,O,D,A,4,R,5,4,3,_,_,A,S,O
S,O,D,A,2,_,_,L,O,W,_,R,A,T
S,O,D,A,1,R,7,8,4,_,_,A,G,N
S,O,D,C,1,S,P,0,4,_,_,F,L,T
S,O,D,A,4,R,7,7,9,_,_,A,R,T
S,O,D,A,4,R,7,7,9,_,_,A,R,S
S,O,D,A,3,R,3,3,1,_,R,V,A,V
S,O,D,A,1,R,6,7,8,_,_,A,S,O
S,O,D,A,4,R,4,6,5,C,_,A,S,O
S,O,D,C,1,S,P,0,4,_,_,S,T,A
S,O,D,A,2,S,1,4,_,_,_,F,L,T
S,O,D,A,1,R,4,3,0,_,_,A,R,S
S,O,D,C,1,P,_,2,N,D,_,S,_,S
S,O,D,A,1,R,4,3,0,_,_,A,R,T
S,O,D,A,3,R,3,8,5,_,R,V,A,V
S,O,D,A,4,R,6,3,5,_,_,A,S,O
S,O,D,A,3,C,5,1,1,_,_,A,R,T
S,O,D,A,4,E,1,9,D,P,_,S,T,A
S,O,D,A,3,R,6,2,9,_,R,V,A,V
S,O,D,A,1,R,5,6,6,_,_,A,G,N
S,O,D,A,3,_,_,_,_,C,U,R,T,L
S,O,D,C,3,P,1,0,_,_,_,F,L,T
S,O,D,C,1,C,2,P,0,6,_,S,_,S
S,O,D,A,1,R,3,1,6,_,_,V,A,V
S,O,D,C,1,S,_,_,_,_,_,D,P,R
S,O,D,C,1,S,_,_,_,_,_,D,P,S
S,O,D,A,1,A,L,L,_,3,3,A,R,S
S,O,D,A,4,R,5,3,5,_,_,A,R,S
S,O,D,A,4,R,5,3,5,_,_,A,R,T
S,O,D,A,1,C,3,0,0,B,_,V,A,V
S,O,D,A,1,R,3,7,6,A,_,A,S,O
S,O,D,A,1,R,5,8,2,_,_,A,S,O
S,O,D,A,4,R,5,4,3,_,_,A,R,S
S,O,D,A,1,R,2,7,7,_,_,A,R,T
S,O,D,A,1,R,2,7,1,_,_,A,S,O
S,O,D,3,4,B,L,D,_,R,E,S,E,T
S,O,D,A,1,R,2,7,7,_,_,A,R,S
S,O,D,A,3,R,3,8,5,_,_,A,G,N
S,O,D,A,1,R,2,8,0,_,_,V,A,V
S,O,D,A,4,R,3,4,9,_,_,A,G,N
S,O,D,A,1,R,6,8,4,_,_,V,A,V
S,O,D,A,3,R,7,2,1,_,R,V,A,V
S,O,D,S,0,3,A,R,1,7,9,A,R,T
S,O,D,S,0,3,A,R,1,7,9,A,R,S
S,O,D,A,4,R,5,3,3,_,R,V,A,V
S,O,D,A,3,R,6,8,7,_,_,A,R,T
S,O,D,A,1,S,1,1,_,I,_,_,V,R
S,O,D,A,3,R,6,8,7,_,_,A,R,S
S,O,D,3,1,M,A,X,_,X,_,C,V,P
S,O,D,_,_,B,L,D,_,H,P,S,T,M
S,O,D,A,1,R,4,2,0,_,_,A,S,O
S,O,D,C,3,A,3,3,_,_,_,S,T,A
S,O,D,A,3,C,7,1,1,_,_,A,R,S
S,O,D,A,4,R,6,7,1,_,_,A,S,O
S,O,D,A,3,C,7,1,1,_,_,A,R,T
S,O,D,A,4,S,1,8,_,_,_,_,V,R
S,O,D,A,1,S,1,1,_,_,_,C,F,M
S,O,D,A,1,R,4,4,4,_,_,A,G,N
S,O,D,A,4,R,3,3,7,_,R,V,A,V
S,O,D,A,3,R,3,2,3,_,_,A,R,T
S,O,D,A,3,R,3,2,3,_,_,A,R,S
S,O,D,A,4,R,3,4,9,_,R,V,A,V
S,O,D,A,3,R,6,2,5,_,_,A,G,N
S,O,D,C,1,C,2,_,_,_,_,V,L,V
S,O,D,A,1,R,4,6,5,_,6,A,G,N
S,O,D,A,1,R,4,4,2,_,_,A,R,S
S,O,D,A,1,R,4,6,5,B,_,A,G,N
S,O,D,A,1,R,4,3,4,_,_,A,G,N
S,O,D,A,4,R,3,6,5,_,_,A,R,T
S,O,D,A,4,R,4,4,7,_,_,A,S,O
S,O,D,A,4,R,3,6,5,_,_,A,R,S
S,O,D,A,1,R,4,1,0,A,_,A,G,N
S,O,D,A,4,R,3,4,1,_,_,A,G,N
S,O,D,A,1,R,5,4,2,_,_,A,G,N
S,O,D,A,3,R,7,2,3,_,_,A,R,S
S,O,D,3,1,B,L,D,_,2,_,V,A,R
S,O,D,A,3,R,7,2,3,_,_,A,R,T
S,O,D,A,4,R,4,6,5,_,3,A,S,O
S,O,D,A,4,R,4,4,1,_,_,A,G,N
S,O,D,A,4,R,7,3,1,_,_,A,R,S
S,O,D,H,1,X,_,_,_,_,_,R,W,T
S,O,D,A,3,R,6,9,5,_,_,A,G,N
S,O,D,A,4,R,7,3,1,_,_,A,R,T
S,O,D,A,3,R,5,8,3,_,_,A,G,N
S,O,D,E,0,1,B,_,_,_,_,S,_,S
S,O,D,A,3,R,6,8,5,_,_,A,G,N
S,O,D,A,3,R,6,2,1,_,R,V,A,V
S,O,D,3,4,B,L,D,_,2,_,V,A,R
S,O,D,C,3,A,4,0,_,_,_,S,T,A
S,O,D,C,2,_,_,_,_,_,_,L,_,L
S,O,D,A,1,R,4,4,2,_,_,A,S,O
S,O,D,A,1,R,4,3,8,_,_,A,R,S
S,O,D,A,4,R,6,7,5,_,_,A,R,S
S,O,D,A,4,R,6,7,5,_,_,A,R,T
S,O,D,A,1,R,4,3,8,_,_,A,R,T
S,O,D,A,1,R,4,9,8,_,_,A,R,T
S,O,D,A,3,R,7,2,5,_,R,V,A,V
S,O,D,A,1,R,4,9,8,_,_,A,R,S
S,O,D,A,1,R,4,3,0,_,_,A,S,O
S,O,D,A,1,R,2,8,4,_,_,A,S,O
S,O,D,A,3,C,7,1,1,_,R,V,A,V
S,O,D,A,4,R,4,6,5,C,_,A,R,T
S,O,D,A,4,R,4,6,5,C,_,A,R,S
S,O,D,3,2,N,E,T,_,_,_,S,T,A
S,O,D,A,3,E,1,7,D,P,_,S,T,A
S,O,D,C,3,A,3,8,_,_,_,A,L,M
S,O,D,C,1,S,P,0,4,_,F,A,I,L
S,O,D,C,3,P,0,9,D,P,_,S,T,A
S,O,D,A,3,R,3,2,9,_,_,A,R,T
S,O,D,A,3,R,5,7,9,_,_,A,S,O
S,O,D,A,4,R,3,4,5,_,_,A,R,T
S,O,D,A,3,R,7,8,5,_,N,_,T,M
S,O,D,A,4,R,3,4,5,_,_,A,R,S
S,O,D,A,3,R,7,9,8,_,_,V,A,V
S,O,D,A,4,R,5,6,7,_,_,A,R,S
S,O,D,A,4,R,5,6,7,_,_,A,R,T
S,O,D,A,3,R,7,9,5,_,_,A,G,N
S,O,D,A,3,R,5,1,7,_,R,V,A,V
S,O,D,A,4,R,7,7,5,_,_,A,G,N
S,O,D,A,1,R,3,5,2,_,_,V,A,V
S,O,D,A,1,R,1,9,0,A,_,A,S,O
S,O,D,A,1,E,1,3,_,F,_,C,F,M
S,O,D,A,1,R,2,7,1,_,_,A,R,S
S,O,D,A,1,R,2,7,1,_,_,A,R,T
S,O,D,F,C,0,1,B,_,_,_,S,_,S
S,O,D,A,1,R,3,7,6,A,_,A,R,T
S,O,D,A,1,R,3,7,6,A,_,A,R,S
S,O,D,A,4,R,5,5,1,_,_,A,G,N
S,O,D,H,1,P,0,1,_,_,_,S,P,R
S,O,D,C,1,C,3,_,4,_,C,M,P,3
S,O,D,C,1,C,3,_,4,_,C,M,P,1
S,O,D,C,1,C,3,_,4,_,C,M,P,4
S,O,D,A,1,R,3,4,2,_,_,A,R,T
S,O,D,A,1,R,3,4,2,_,_,A,R,S
S,O,D,A,1,R,3,2,0,_,_,V,A,V
S,O,D,A,4,R,4,4,5,_,_,A,G,N
S,O,D,A,4,R,4,6,5,C,_,R,V,P
S,O,D,A,1,R,2,8,3,E,_,V,A,V
S,O,D,A,1,R,4,2,0,_,_,A,R,T
S,O,D,A,1,R,2,7,7,_,_,A,G,N
S,O,D,A,3,R,3,1,5,_,_,A,G,N
S,O,D,A,1,A,L,L,_,3,2,A,R,S
S,O,D,A,4,R,5,8,0,_,R,V,A,V
S,O,D,A,4,S,1,8,S,A,S,A,_,M
S,O,D,A,1,R,6,8,2,_,_,A,S,O
S,O,D,A,1,R,7,8,4,_,_,A,S,O
S,O,D,A,1,R,5,8,2,_,_,V,A,V
S,O,D,A,3,R,3,2,1,_,_,A,S,O
S,O,D,A,1,R,7,8,4,_,_,A,R,T
S,O,D,A,1,S,1,1,_,_,_,_,V,R
S,O,D,3,4,M,A,X,_,_,_,C,V,P
S,O,D,A,3,R,3,8,3,_,_,A,R,S
S,O,D,A,1,F,2,_,V,A,V,_,M,X
S,O,D,A,3,R,4,1,3,_,_,A,G,N
S,O,D,A,1,F,2,_,V,A,V,_,M,N
S,O,D,A,3,R,3,1,5,_,R,V,A,V
S,O,D,3,3,B,L,D,_,R,E,S,E,T
S,O,D,A,1,R,2,8,0,_,_,A,G,N
S,O,D,A,1,R,3,3,0,B,_,A,G,N
S,O,D,A,3,R,3,2,3,_,_,A,G,N
S,O,D,3,4,B,L,D,_,1,_,V,A,R
S,O,D,A,4,R,4,6,5,_,3,A,R,T
S,O,D,A,4,R,4,6,5,_,3,A,R,S
S,O,D,A,5,S,2,0,_,_,_,S,_,S
S,O,D,A,3,R,6,8,9,_,_,A,G,N
S,O,D,3,1,N,E,T,_,_,_,S,T,A
S,O,D,A,1,R,3,4,2,_,_,V,A,V
S,O,D,C,3,P,1,0,D,P,_,S,T,A
S,O,D,A,3,R,6,9,8,_,_,V,A,V
S,O,D,A,1,R,2,9,0,_,_,A,R,S
S,O,D,A,1,R,2,9,0,_,_,A,R,T
S,O,D,A,1,R,4,4,4,_,_,V,A,V
S,O,D,A,4,R,3,4,3,_,_,A,G,N
S,O,D,A,1,R,4,3,4,_,R,V,A,V
S,O,D,A,4,R,4,4,5,_,R,V,A,V
S,O,D,A,1,_,_,_,_,O,C,C,P,Y
S,O,D,A,1,R,5,1,4,_,_,A,S,O
S,O,D,A,3,R,6,8,7,_,_,A,S,O
S,O,D,A,1,R,3,4,0,_,_,T,M,R
S,O,D,A,3,R,6,8,5,_,_,A,R,S
S,O,D,A,1,R,1,9,0,B,_,A,R,T
S,O,D,A,1,R,1,9,0,B,_,A,R,S
S,O,D,A,3,R,6,8,5,_,_,A,R,T
S,O,D,A,1,R,3,6,4,_,_,V,A,V
S,O,D,A,4,R,3,4,5,_,_,A,S,O
S,O,D,A,3,R,5,1,7,_,_,A,G,N
S,O,D,A,4,S,1,8,_,_,_,C,F,M
S,O,D,A,1,C,7,0,0,D,_,A,R,T
S,O,D,A,1,R,1,8,4,_,_,A,S,O
S,O,D,A,3,R,6,2,3,_,_,A,G,N
S,O,D,C,1,P,_,_,F,_,F,L,O,W
S,O,D,A,1,R,3,9,8,_,_,A,R,S
S,O,D,A,4,R,4,4,7,_,_,A,R,S
S,O,D,C,2,_,_,_,_,_,_,A,_,M
S,O,D,A,4,R,4,4,7,_,_,A,R,T
S,O,D,A,3,R,3,1,9,_,_,A,R,T
S,O,D,A,4,R,7,4,1,_,R,V,A,V
S,O,D,A,2,S,1,4,_,_,_,H,V,P
S,O,D,A,3,R,3,1,9,_,_,A,R,S
S,O,D,A,4,R,4,4,5,_,_,A,S,O
S,O,D,A,1,R,3,4,2,_,_,A,S,O
S,O,D,A,1,R,7,2,6,_,_,V,A,V
S,O,D,3,2,N,E,T,_,_,_,T,M,R
S,O,D,A,1,R,4,1,0,B,_,A,R,T
S,O,D,A,1,R,4,1,0,B,_,A,R,S
S,O,D,A,1,S,1,1,_,W,F,S,T,P
S,O,D,C,2,_,_,_,_,_,_,S,W,S
S,O,D,C,2,_,_,_,_,_,_,S,W,T
S,O,D,A,1,R,4,4,2,_,_,A,R,T
S,O,D,C,1,C,2,_,_,_,_,_,K,W
S,O,D,A,1,R,4,3,8,_,_,A,S,O
S,O,D,A,4,R,6,7,5,_,_,A,S,O
S,O,D,A,1,R,3,2,0,_,_,A,R,S
S,O,D,A,1,R,3,2,0,_,_,A,R,T
S,O,D,A,4,R,5,8,0,_,_,A,G,N
S,O,D,C,2,T,2,_,_,_,_,V,L,V
S,O,D,A,3,R,5,2,9,_,_,A,S,O
S,O,D,A,1,R,7,3,4,_,_,A,S,O
S,O,D,A,1,R,3,8,0,_,_,A,G,N
S,O,D,A,1,E,1,3,_,_,_,S,_,S
S,O,D,A,1,R,2,8,4,_,_,A,R,S
S,O,D,A,4,R,5,3,1,_,_,A,S,O
S,O,D,A,1,R,2,8,4,_,_,A,R,T
S,O,D,A,4,R,3,6,7,_,_,A,G,N
S,O,D,A,1,R,4,9,8,_,_,A,S,O
S,O,D,A,3,R,7,8,9,_,_,A,S,O
S,O,D,A,1,S,1,1,_,_,_,C,V,P
S,O,D,A,3,R,3,2,1,_,_,A,R,T
S,O,D,A,3,R,3,2,1,_,_,A,R,S
S,O,D,H,1,P,0,1,D,P,_,S,T,A
S,O,D,A,3,R,6,2,1,_,_,A,R,T
S,O,D,A,3,R,6,2,1,_,_,A,R,S
S,O,D,A,4,R,6,4,3,_,_,A,G,N
S,O,D,A,4,R,3,3,3,_,R,V,A,V
S,O,D,A,3,R,7,9,5,_,_,A,R,T
S,O,D,A,1,R,5,3,0,_,_,V,A,V
S,O,D,A,3,R,7,9,5,_,_,A,R,S
S,O,D,A,4,S,1,6,_,P,_,_,V,R
S,O,D,A,3,R,4,1,1,_,R,V,A,V
S,O,D,A,1,R,6,0,6,_,_,V,A,V
S,O,D,A,4,R,5,6,7,_,_,A,S,O
S,O,D,A,4,R,7,3,9,_,_,A,S,O
S,O,D,A,3,A,L,L,_,3,2,A,R,S
S,O,D,A,1,R,7,7,6,_,_,A,G,N
S,O,D,A,1,R,4,2,0,A,_,T,M,R
S,O,D,A,1,R,4,3,0,_,_,V,A,V
S,O,D,A,1,R,6,7,8,_,_,V,A,V
S,O,D,A,1,R,1,9,0,A,_,A,R,T
S,O,D,S,0,1,R,1,8,3,_,A,R,S
S,O,D,S,0,1,R,1,8,3,_,A,R,T
S,O,D,A,1,R,1,9,0,A,_,A,R,S
S,O,D,A,4,R,6,4,5,_,_,A,R,S
S,O,D,C,3,P,1,0,_,_,_,S,P,D
S,O,D,C,1,C,3,_,4,_,_,S,W,T
S,O,D,A,1,_,_,L,O,W,_,R,A,T
S,O,D,A,1,R,2,9,0,_,_,A,S,O
S,O,D,C,3,P,1,0,_,_,_,S,P,R
S,O,D,A,1,R,4,2,0,_,_,A,G,N
S,O,D,A,1,S,1,1,S,A,S,A,_,M
S,O,D,A,1,R,5,1,4,_,_,A,R,T
S,O,D,A,1,R,5,1,4,_,_,A,R,S
S,O,D,C,3,A,3,1,_,_,_,S,T,A
S,O,D,A,4,R,6,3,7,_,_,A,R,S
S,O,D,A,3,R,3,8,5,_,_,A,S,O
S,O,D,A,4,R,6,3,7,_,_,A,R,T
S,O,D,A,3,R,6,9,5,_,R,V,A,V
S,O,D,A,3,R,6,8,9,_,R,V,A,V
S,O,D,A,1,R,6,8,2,_,_,A,R,S
S,O,D,A,1,R,6,8,2,_,_,A,R,T
S,O,D,C,3,P,_,_,_,_,_,A,_,M
S,O,D,A,2,_,_,_,_,_,_,S,_,S
S,O,D,A,3,R,7,2,7,_,_,A,S,O
S,O,D,A,4,R,3,7,9,_,_,A,G,N
S,O,D,A,1,F,3,_,V,A,V,_,A,V
S,O,D,A,3,R,3,8,1,_,_,A,G,N
S,O,D,A,3,R,3,1,9,_,_,A,S,O
S,O,D,C,1,S,P,_,_,_,_,A,_,M
S,O,D,A,5,S,2,0,_,_,_,C,V,P
S,O,D,3,1,N,E,T,_,_,_,T,M,R
S,O,D,A,3,R,7,8,3,_,R,V,A,V
S,O,D,A,1,R,5,1,6,_,_,A,S,O
S,O,D,A,3,C,6,1,1,_,R,V,A,V
S,O,D,A,3,R,7,8,1,_,_,A,G,N
S,O,D,A,1,R,4,4,4,_,_,A,S,O
S,O,D,_,_,B,L,D,_,1,_,K,W,D
S,O,D,_,_,B,L,D,_,1,_,K,W,H
S,O,D,A,3,R,5,1,3,_,R,V,A,V
S,O,D,A,4,R,6,6,5,_,_,A,S,O
S,O,D,A,_,C,H,W,S,_,_,A,L,M
S,O,D,A,4,R,5,6,7,_,R,V,A,V
S,O,D,C,3,L,3,2,_,_,_,S,T,A
S,O,D,H,1,P,0,2,_,_,_,S,P,R
S,O,D,A,1,R,7,3,4,_,_,A,R,S
S,O,D,A,1,R,2,8,3,E,_,A,G,N
S,O,D,A,3,R,5,2,9,_,_,A,R,S
S,O,D,A,3,R,5,2,9,_,_,A,R,T
S,O,D,A,3,R,7,2,9,_,R,V,A,V
S,O,D,A,4,A,L,L,_,3,2,A,R,S
S,O,D,A,1,R,6,8,2,_,_,V,A,V
S,O,D,C,3,A,3,3,_,_,_,A,L,M
S,O,D,A,1,R,3,5,2,_,_,A,G,N
S,O,D,A,1,R,5,2,4,_,_,A,R,T
S,O,D,A,1,R,5,2,4,_,_,A,R,S
S,O,D,A,4,R,5,3,1,_,_,A,R,T
S,O,D,A,4,C,7,5,1,_,R,V,A,V
S,O,D,A,3,R,3,8,3,_,R,V,A,V
S,O,D,A,4,R,5,3,1,_,_,A,R,S
S,O,D,A,1,A,L,L,_,3,1,A,R,S
S,O,D,A,1,R,1,9,0,B,_,A,S,O
S,O,D,A,3,R,3,2,5,_,_,A,S,O
S,O,D,A,3,R,6,8,5,_,_,A,S,O
S,O,D,A,4,R,3,3,9,_,_,A,S,O
S,O,D,A,1,E,1,3,D,P,_,S,T,A
S,O,D,A,3,R,3,1,3,_,_,A,G,N
S,O,D,A,4,E,1,9,_,_,_,S,_,S
S,O,D,A,1,C,7,0,0,D,_,A,S,O
S,O,D,A,4,R,3,7,3,_,_,A,G,N
S,O,D,A,4,R,5,7,7,_,R,V,A,V
S,O,D,A,1,R,3,5,2,_,_,A,R,S
S,O,D,A,3,R,6,2,3,_,_,A,R,S
S,O,D,A,3,R,6,2,3,_,_,A,R,T
S,O,D,A,1,R,5,0,0,A,_,V,A,V
S,O,D,C,1,S,P,_,_,_,_,L,_,L
S,O,D,A,3,R,5,2,7,_,R,V,A,V
S,O,D,A,4,R,7,3,9,_,_,A,R,T
S,O,D,_,_,B,L,D,_,P,R,A,L,M
S,O,D,A,1,S,1,1,_,P,_,_,V,R
S,O,D,A,2,S,1,4,_,_,_,M,A,T
S,O,D,A,2,S,1,4,_,_,_,D,M,P
S,O,D,A,3,R,6,2,7,_,R,V,A,V
S,O,D,A,3,C,5,1,1,_,_,A,S,O
S,O,D,C,2,T,1,_,_,H,_,S,_,S
S,O,D,A,1,S,1,1,_,_,_,S,T,P
S,O,D,A,3,S,1,6,_,_,_,S,T,S
S,O,D,A,1,R,6,7,6,_,_,V,A,V
S,O,D,C,3,P,0,9,_,_,_,F,L,T
S,O,D,A,3,R,4,1,7,_,R,V,A,V
S,O,D,A,1,R,2,8,7,_,_,A,L,M
S,O,D,A,1,R,4,0,5,A,_,V,A,V
S,O,D,A,4,R,4,4,5,_,_,A,R,S
S,O,D,_,_,B,L,D,_,S,T,M,O,N
S,O,D,A,4,R,4,4,5,_,_,A,R,T
S,O,D,A,1,R,4,4,2,_,_,A,G,N
S,O,D,A,3,R,5,9,5,_,R,V,A,V
S,O,D,A,1,R,2,8,0,_,_,A,S,O
S,O,D,A,4,R,7,7,1,_,R,V,A,V
S,O,D,A,1,C,1,8,0,_,_,A,G,N
S,O,D,A,3,R,3,8,5,_,_,A,R,S
S,O,D,A,3,R,3,8,5,_,_,A,R,T
S,O,D,A,4,R,6,3,7,_,_,A,S,O
S,O,D,A,4,R,3,7,5,_,_,A,S,O
S,O,D,A,3,R,7,8,9,_,_,A,G,N
S,O,D,A,3,R,5,8,3,1,R,V,A,V
S,O,D,A,4,R,3,3,3,_,_,A,S,O
S,O,D,A,3,R,3,2,1,_,_,A,G,N
S,O,D,C,3,P,1,0,_,_,F,A,I,L
S,O,D,A,3,R,7,2,7,_,_,A,R,T
S,O,D,A,3,R,7,2,7,_,_,A,R,S
S,O,D,A,1,R,1,8,7,A,_,A,S,O
S,O,D,A,4,C,3,0,0,T,R,V,A,V
S,O,D,A,4,R,3,3,7,A,_,A,G,N
S,O,D,A,1,R,4,1,0,B,_,A,G,N
S,O,D,A,4,R,4,4,9,_,R,V,A,V
S,O,D,A,1,C,4,0,0,B,_,A,R,T
S,O,D,A,3,R,7,9,5,_,_,A,S,O
S,O,D,A,4,R,6,6,5,_,_,A,R,S
S,O,D,A,3,R,3,1,9,_,R,V,A,V
S,O,D,A,4,R,6,6,5,_,_,A,R,T
S,O,D,A,3,R,7,8,5,_,_,A,R,T
S,O,D,A,2,S,1,4,_,_,_,S,A,S
S,O,D,A,2,S,1,4,_,_,_,S,A,T
S,O,D,A,3,R,7,8,5,_,_,A,R,S
S,O,D,A,1,R,4,4,4,_,_,A,R,S
S,O,D,A,4,R,6,4,5,_,_,A,S,O
S,O,D,A,1,R,4,4,4,_,_,A,R,T
S,O,D,A,4,R,3,3,7,_,_,A,G,N
S,O,D,A,4,R,6,8,1,B,_,A,R,S
S,O,D,A,4,R,6,8,1,B,_,A,R,T
S,O,D,3,4,N,E,T,_,_,_,T,M,R
S,O,D,A,4,R,6,7,7,_,_,A,R,T
S,O,D,A,3,_,_,_,_,E,V,E,N,T
S,O,D,A,3,C,4,1,1,_,_,A,G,N
S,O,D,A,4,R,5,3,7,_,_,A,G,N
S,O,D,A,1,_,_,_,_,_,_,S,_,S
S,O,D,A,4,R,7,3,1,_,R,V,A,V
S,O,D,A,1,S,1,1,_,_,_,D,M,P
S,O,D,C,3,A,3,6,_,_,_,S,T,A
S,O,D,A,3,R,7,8,7,_,_,A,S,O
S,O,D,A,4,R,4,4,9,_,_,A,S,O
S,O,D,A,3,R,7,8,3,_,_,A,R,T
S,O,D,A,3,R,3,9,3,_,_,A,R,S
S,O,D,A,1,R,3,6,4,_,_,A,G,N
S,O,D,C,3,P,0,9,_,_,F,A,I,L
S,O,D,A,3,R,3,9,3,_,_,A,R,T
S,O,D,A,3,R,6,1,5,_,R,V,A,V
S,O,D,A,2,_,_,_,_,C,U,R,T,L
S,O,D,A,4,R,5,3,3,_,_,A,S,O
S,O,D,C,1,C,3,_,_,_,L,O,A,D
S,O,D,A,4,R,3,3,9,_,_,A,R,S
S,O,D,A,3,R,3,2,5,_,_,A,R,S
S,O,D,A,3,R,3,2,5,_,_,A,R,T
S,O,D,A,3,R,6,2,3,_,_,A,S,O
S,O,D,C,1,P,_,_,_,_,_,A,_,M
S,O,D,A,1,R,5,5,2,_,_,A,S,O
S,O,D,A,3,R,4,6,5,K,_,A,R,T
S,O,D,A,3,R,3,1,3,_,R,V,A,V
S,O,D,A,4,R,7,7,7,_,_,A,G,N
S,O,D,A,4,R,7,7,1,_,_,A,G,N
S,O,D,A,1,R,3,9,8,_,_,V,A,V
S,O,D,A,1,R,5,1,0,_,_,V,A,V
S,O,D,C,1,C,2,_,_,_,_,S,_,S
S,O,D,A,1,R,5,1,6,_,_,A,R,T
S,O,D,A,3,R,5,2,3,_,_,A,S,O
S,O,D,A,1,R,5,1,6,_,_,A,R,S
S,O,D,A,1,R,2,7,5,_,_,V,A,V
S,O,D,A,4,R,7,5,2,_,_,A,R,T
S,O,D,A,_,C,H,2,_,C,H,W,R,T
S,O,D,C,3,A,3,7,_,_,_,S,T,A
S,O,D,A,4,R,7,5,2,_,_,A,R,S
S,O,D,C,1,C,2,_,_,_,_,F,L,T
S,O,D,A,5,R,8,0,0,A,_,A,R,S
S,O,D,C,3,A,4,1,_,_,_,A,L,M
S,O,D,A,4,R,5,8,0,_,_,A,S,O
S,O,D,A,5,R,8,0,0,A,_,A,R,T
S,O,D,A,1,R,7,3,4,_,_,A,G,N
S,O,D,A,1,R,5,9,8,_,_,A,S,O
S,O,D,A,3,R,7,2,1,_,_,A,G,N
S,O,D,A,4,R,3,6,5,_,_,A,G,N
S,O,D,A,4,R,6,3,3,_,_,A,R,S
S,O,D,C,1,S,P,0,4,_,_,S,P,R
S,O,D,S,0,2,R,1,8,1,_,A,R,S
S,O,D,A,4,S,1,8,_,_,_,M,A,T
S,O,D,S,0,2,R,1,8,1,_,A,R,T
S,O,D,C,1,P,_,_,_,_,_,L,_,L
S,O,D,A,1,R,5,2,4,_,_,A,S,O
S,O,D,C,1,S,P,0,4,_,_,S,P,D
S,O,D,A,4,R,4,6,5,H,_,A,R,T
S,O,D,A,1,R,7,2,6,_,_,A,G,N
S,O,D,A,4,R,4,6,5,H,_,A,R,S
S,O,D,A,3,R,7,2,5,_,_,A,S,O
S,O,D,A,1,R,3,7,6,A,_,V,A,V
S,O,D,A,3,R,3,1,1,_,_,A,R,T
S,O,D,A,3,R,3,1,1,_,_,A,R,S
S,O,D,3,3,N,E,T,_,_,_,S,T,A
S,O,D,A,1,R,4,4,0,_,_,A,S,O
S,O,D,A,4,R,5,3,1,_,_,A,G,N
S,O,D,C,2,T,1,_,_,L,_,S,_,S
S,O,D,A,3,R,3,8,9,_,_,A,S,O
S,O,D,A,3,R,5,8,7,1,R,V,A,V
S,O,D,A,4,R,3,4,7,_,_,A,R,S
S,O,D,A,4,R,3,4,7,_,_,A,R,T
S,O,D,A,1,R,3,4,2,_,_,A,G,N
S,O,D,A,4,R,5,6,3,_,_,A,G,N
S,O,D,A,3,C,5,1,1,_,_,A,R,S
S,O,D,A,1,R,3,4,0,_,_,A,R,S
S,O,D,A,1,R,3,4,0,_,_,A,R,T
S,O,D,A,2,E,1,5,D,P,_,S,T,A
S,O,D,A,1,C,3,0,0,B,_,A,R,S
S,O,D,A,3,R,6,8,3,_,_,A,R,T
S,O,D,E,0,5,_,_,_,_,_,S,T,A
S,O,D,A,4,R,4,4,9,_,_,A,R,T
S,O,D,3,1,B,L,D,_,R,E,S,E,T
S,O,D,A,3,R,3,1,1,_,R,V,A,V
S,O,D,A,3,R,4,1,5,_,R,V,A,V
S,O,D,A,4,R,4,4,9,_,_,A,R,S
S,O,D,A,3,R,7,8,7,_,_,A,R,T
S,O,D,A,3,R,7,8,7,_,_,A,R,S
S,O,D,A,4,R,5,4,3,_,_,A,R,T
S,O,D,A,3,R,6,2,7,_,_,A,R,T
S,O,D,A,4,R,3,7,5,_,_,A,R,T
S,O,D,A,4,R,3,7,5,_,_,A,R,S
S,O,D,A,3,R,6,2,7,_,_,A,R,S
S,O,D,A,1,R,4,6,5,D,_,V,A,V
S,O,D,A,3,R,5,1,5,_,_,A,R,T
S,O,D,A,3,R,5,1,5,_,_,A,R,S
S,O,D,E,0,4,_,_,_,_,_,S,T,A
S,O,D,A,4,R,5,4,3,_,R,V,A,V
S,O,D,C,1,_,E,T,C,_,_,R,W,T
S,O,D,C,1,C,2,_,_,_,_,K,W,H
S,O,D,A,4,R,3,3,3,_,_,A,R,T
S,O,D,A,3,R,4,6,5,_,5,R,V,P
S,O,D,A,4,R,3,3,3,_,_,A,R,S
S,O,D,C,3,A,3,4,_,_,_,S,T,A
S,O,D,A,3,R,3,2,9,_,_,A,G,N
S,O,D,A,3,R,5,9,5,_,_,A,R,T
S,O,D,A,3,R,5,9,5,_,_,A,R,S
S,O,D,A,3,R,7,8,5,_,_,A,G,N
S,O,D,A,3,R,5,2,3,_,_,A,R,S
S,O,D,A,3,R,5,2,3,_,_,A,R,T
S,O,D,A,1,C,3,0,0,_,_,A,G,N
S,O,D,A,4,R,7,3,3,_,_,A,R,S
S,O,D,A,3,R,7,2,7,_,_,A,G,N
S,O,D,A,4,R,7,3,3,_,_,A,R,T
S,O,D,A,4,R,6,4,5,_,_,A,R,T
S,O,D,A,3,R,3,8,3,_,_,A,R,T
S,O,D,A,4,R,3,7,9,_,_,A,S,O
S,O,D,A,4,R,6,7,7,_,_,A,S,O
S,O,D,A,1,R,4,0,5,A,_,A,R,S
S,O,D,A,1,R,4,0,5,A,_,A,R,T
S,O,D,A,3,_,_,_,_,_,_,O,A,T
S,O,D,A,3,R,3,8,3,_,_,A,S,O
S,O,D,A,4,R,6,8,1,B,_,A,S,O
S,O,D,A,3,R,4,1,5,_,_,A,S,O
S,O,D,A,4,R,6,3,3,_,_,A,S,O
S,O,D,A,1,R,5,9,8,_,_,A,R,S
S,O,D,A,1,A,L,L,_,3,4,A,R,S
S,O,D,A,1,R,5,6,4,_,_,A,R,S
S,O,D,A,1,R,5,6,4,_,_,A,R,T
S,O,D,A,1,C,3,0,0,B,_,A,G,N
S,O,D,A,1,R,5,9,8,_,_,A,R,T
S,O,D,A,4,R,7,3,5,_,R,V,A,V
S,O,D,A,1,_,_,_,_,E,V,E,N,T
S,O,D,A,3,R,4,2,1,_,_,A,G,N
S,O,D,3,1,B,L,D,_,1,_,V,A,R
S,O,D,A,4,R,6,3,3,_,R,V,A,V
S,O,D,S,0,3,A,R,1,7,9,S,_,S
S,O,D,A,4,R,6,5,1,_,R,V,A,V
S,O,D,A,4,R,5,3,3,_,_,A,R,T
S,O,D,A,4,R,5,3,3,_,_,A,R,S
S,O,D,A,2,S,1,4,_,_,_,_,V,R
S,O,D,A,1,S,1,1,S,T,P,A,L,M
S,O,D,A,3,R,3,9,3,_,_,A,S,O
S,O,D,A,1,R,5,5,2,_,_,A,R,T
S,O,D,A,3,R,4,6,5,K,_,A,S,O
S,O,D,A,1,R,4,0,5,B,_,V,A,V
S,O,D,A,4,R,4,4,3,_,R,V,A,V
S,O,D,A,1,R,5,5,2,_,_,A,R,S
S,O,D,A,4,R,5,5,1,1,R,V,A,V
S,O,D,S,0,2,R,1,8,1,_,S,_,S
S,O,D,A,1,R,7,8,4,_,_,V,A,V
S,O,D,A,3,R,4,6,5,K,_,V,A,V
S,O,D,A,3,R,3,8,9,_,_,A,R,T
S,O,D,A,3,R,3,8,9,_,_,A,R,S
S,O,D,A,1,R,3,8,4,_,_,A,R,S
S,O,D,A,1,R,3,8,4,_,_,A,R,T
S,O,D,A,3,S,1,6,_,_,_,_,V,R
S,O,D,A,1,C,5,0,0,B,_,A,R,S
S,O,D,A,3,R,7,8,3,_,_,A,G,N
S,O,D,A,1,R,3,4,0,_,_,A,S,O
S,O,D,A,1,R,5,3,0,_,_,A,S,O
S,O,D,A,1,R,2,8,7,_,_,A,R,T
S,O,D,A,4,R,3,4,7,_,_,A,S,O
S,O,D,A,4,R,6,3,9,_,R,V,A,V
S,O,D,A,1,C,5,0,0,B,_,A,R,T
S,O,D,A,4,R,3,7,3,_,_,A,S,O
S,O,D,A,_,C,H,2,_,C,H,W,S,T
S,O,D,A,2,E,1,5,_,_,_,R,A,T
S,O,D,A,1,C,6,0,0,A,_,A,R,S
S,O,D,A,1,C,6,0,0,A,_,A,R,T
S,O,D,A,1,R,2,8,7,_,_,A,R,S
S,O,D,A,4,R,7,5,2,_,_,A,S,O
S,O,D,A,4,S,1,8,_,_,_,S,T,P
S,O,D,A,4,S,1,8,_,_,_,S,T,S
S,O,D,A,3,R,5,7,9,_,R,V,A,V
S,O,D,C,3,A,3,2,_,_,_,S,T,A
S,O,D,A,4,R,5,8,0,_,_,A,R,S
S,O,D,A,4,R,5,8,0,_,_,A,R,T
S,O,D,A,1,C,7,0,0,B,_,A,G,N
S,O,D,C,1,C,3,_,4,C,D,S,W,T
S,O,D,A,3,R,5,1,5,_,_,A,S,O
S,O,D,A,3,C,5,1,1,_,_,A,G,N
S,O,D,_,_,B,L,D,_,2,_,V,A,R
S,O,D,A,1,R,7,3,4,_,_,A,R,T
S,O,D,A,1,E,1,2,_,F,_,C,F,M
S,O,D,A,3,R,4,1,9,_,_,A,S,O
S,O,D,A,3,R,6,2,7,_,_,A,S,O
S,O,D,A,1,R,4,2,0,_,_,V,A,V
S,O,D,A,1,R,5,4,2,_,_,A,R,T
S,O,D,A,1,R,5,4,2,_,_,A,R,S
S,O,D,A,1,S,1,1,_,F,_,C,F,M
S,O,D,A,4,R,3,6,9,_,R,V,A,V
S,O,D,A,3,R,3,2,9,_,R,V,A,V
S,O,D,A,3,R,7,2,5,_,_,A,R,T
S,O,D,A,3,R,7,2,5,_,_,A,R,S
S,O,D,A,4,R,4,6,5,H,_,A,S,O
S,O,D,A,1,R,4,4,0,_,_,A,R,T
S,O,D,A,1,R,4,4,0,_,_,A,R,S
S,O,D,A,1,E,1,2,_,_,_,C,F,M
S,O,D,A,3,R,3,1,1,_,_,A,S,O
S,O,D,A,4,S,1,8,_,_,_,S,_,S
S,O,D,A,4,R,3,3,3,_,_,A,G,N
S,O,D,A,1,R,3,2,0,_,_,A,S,O
S,O,D,A,4,R,3,7,9,_,_,A,R,S
S,O,D,A,1,R,2,7,5,_,_,A,S,O
S,O,D,A,4,R,3,7,9,_,_,A,R,T
S,O,D,A,1,R,5,1,4,_,_,V,A,V
S,O,D,A,1,C,7,0,0,C,_,A,G,N
S,O,D,A,3,R,6,9,5,_,_,A,R,T
S,O,D,A,1,R,2,7,5,_,_,A,G,N
S,O,D,A,1,R,4,0,5,A,_,A,S,O
S,O,D,A,1,R,4,5,2,_,_,A,R,T
S,O,D,3,1,M,A,X,_,_,_,C,V,P
S,O,D,A,1,R,2,9,0,_,_,A,L,M
S,O,D,A,3,R,7,8,5,_,R,V,A,V
S,O,D,A,4,C,7,5,1,_,_,A,G,N
S,O,D,A,1,R,5,0,8,_,_,A,R,S
S,O,D,A,4,R,5,6,3,_,R,V,A,V
S,O,D,A,3,R,6,2,9,_,_,A,G,N
S,O,D,C,3,P,1,0,_,_,_,A,M,P
S,O,D,A,3,R,3,2,7,_,_,A,S,O
S,O,D,A,1,R,1,9,0,A,_,V,A,V
S,O,D,A,3,S,1,6,_,_,_,H,_,C
S,O,D,A,4,R,3,7,5,_,_,A,G,N
S,O,D,A,1,R,4,1,0,A,_,V,A,V
S,O,D,A,4,_,_,_,_,E,V,E,N,T
S,O,D,A,2,S,1,4,_,_,_,C,V,P
S,O,D,A,4,R,4,6,5,E,_,A,S,O
S,O,D,A,4,R,3,7,3,_,R,V,A,V
S,O,D,A,4,R,4,6,5,C,_,A,G,N
S,O,D,A,4,R,6,7,1,_,R,V,A,V
S,O,D,A,4,S,1,8,_,_,_,H,_,C
S,O,D,A,3,R,6,8,1,A,_,A,G,N
S,O,D,A,3,R,5,9,5,_,_,A,S,O
S,O,D,A,1,R,1,8,7,_,_,A,G,N
S,O,D,A,4,S,1,8,S,T,P,A,L,M
S,O,D,A,1,R,5,6,2,A,_,A,R,S
S,O,D,A,1,R,5,6,2,A,_,A,R,T
S,O,D,C,3,_,_,_,_,_,_,S,_,S
S,O,D,A,1,R,6,7,6,_,_,A,R,T
S,O,D,A,3,_,_,L,O,W,_,R,A,T
S,O,D,A,1,R,6,7,6,_,_,A,R,S
S,O,D,A,1,R,4,1,6,_,_,A,G,N
S,O,D,A,1,C,5,0,0,A,_,A,S,O
S,O,D,H,1,X,_,_,_,_,_,A,_,M
S,O,D,A,1,R,5,5,2,_,_,A,G,N
S,O,D,A,1,R,2,8,7,_,_,A,S,O
S,O,D,A,1,C,6,0,0,A,_,A,S,O
S,O,D,A,1,C,5,0,0,B,_,A,S,O
S,O,D,A,1,R,5,8,2,_,_,A,G,N
S,O,D,_,_,B,L,D,_,2,_,K,W,H
S,O,D,A,1,C,4,0,0,B,_,A,S,O
S,O,D,A,1,R,5,3,0,_,_,A,L,M
S,O,D,_,_,B,L,D,_,2,_,K,W,D
S,O,D,H,1,P,0,1,_,_,_,A,M,P
S,O,D,C,3,A,3,1,_,_,_,A,L,M
S,O,D,A,2,S,1,4,S,A,S,A,_,M
S,O,D,A,3,R,3,8,3,_,_,A,G,N
S,O,D,A,3,R,5,2,9,_,R,V,A,V
S,O,D,A,1,R,2,8,8,_,_,V,A,V
S,O,D,A,1,R,5,6,4,_,_,A,S,O
S,O,D,A,3,S,1,6,_,I,_,_,V,R
S,O,D,A,3,R,4,1,5,_,_,A,R,T
S,O,D,A,3,R,4,1,5,_,_,A,R,S
S,O,D,A,4,R,5,4,5,_,R,V,A,V
S,O,D,C,3,A,3,6,_,_,_,A,L,M
S,O,D,A,4,R,5,3,3,_,_,A,G,N
S,O,D,A,3,R,7,1,9,_,R,V,A,V
S,O,D,A,4,R,4,4,7,_,R,V,A,V
S,O,D,H,1,_,_,_,_,_,_,S,_,S
S,O,D,A,1,C,7,0,0,B,_,A,R,T
S,O,D,A,1,C,7,0,0,B,_,A,R,S
S,O,D,A,2,R,3,0,6,_,_,A,R,T
S,O,D,A,2,R,3,0,6,_,_,A,R,S
S,O,D,_,_,B,L,D,_,_,_,O,R,H
S,O,D,A,1,C,7,0,0,C,_,A,S,O
S,O,D,A,3,R,5,8,3,_,R,V,A,V
S,O,D,A,3,R,3,8,9,_,_,A,G,N
S,O,D,C,2,T,2,_,_,L,_,S,_,S
S,O,D,C,1,C,3,P,1,2,_,S,T,A
S,O,D,A,4,R,3,4,3,_,R,V,A,V
S,O,D,A,4,_,_,_,_,C,U,R,T,L
S,O,D,A,4,R,6,3,9,_,_,A,R,S
S,O,D,A,4,R,6,3,9,_,_,A,R,T
S,O,D,A,1,R,1,9,0,B,_,V,A,V
S,O,D,A,1,R,3,8,4,_,_,A,S,O
S,O,D,A,3,R,4,2,1,_,_,A,R,S
S,O,D,A,1,R,4,3,0,A,_,A,R,S
S,O,D,A,1,R,4,3,0,A,_,A,R,T
S,O,D,A,3,R,4,2,1,_,_,A,R,T
S,O,D,A,1,R,5,3,0,_,_,A,R,T
S,O,D,H,1,P,0,1,_,_,_,S,_,S
S,O,D,A,1,R,5,3,0,_,_,A,R,S
S,O,D,A,4,S,1,8,_,_,_,S,A,S
S,O,D,A,4,S,1,8,_,_,_,S,A,T
S,O,D,A,3,R,3,2,7,_,_,A,R,S
S,O,D,A,3,R,3,2,7,_,_,A,R,T
S,O,D,A,1,R,5,0,8,_,_,A,S,O
S,O,D,A,1,R,4,4,0,_,_,A,G,N
S,O,D,A,1,R,1,8,7,_,_,V,A,V
S,O,D,C,1,S,_,_,_,_,_,S,W,T
S,O,D,A,3,R,6,9,5,_,_,A,S,O
S,O,D,A,3,R,5,8,3,_,_,A,S,O
S,O,D,A,3,R,7,2,9,_,_,A,G,N
S,O,D,A,4,R,7,7,3,_,_,A,S,O
S,O,D,A,1,R,2,8,8,_,_,A,L,M
S,O,D,A,1,R,6,0,0,A,_,V,A,V
S,O,D,A,4,R,7,7,1,_,_,A,R,T
S,O,D,A,3,R,3,3,1,_,_,A,R,T
S,O,D,A,3,R,3,3,1,_,_,A,R,S
S,O,D,C,2,T,1,_,_,H,_,S,T,A
S,O,D,A,3,R,4,1,9,_,_,A,R,S
S,O,D,A,3,R,4,1,9,_,_,A,R,T
S,O,D,A,1,S,1,1,_,_,_,S,_,S
S,O,D,A,4,R,7,5,2,_,_,A,G,N
S,O,D,A,3,S,1,6,_,_,_,S,A,S
S,O,D,A,3,S,1,6,_,_,_,S,A,T
S,O,D,E,0,3,_,_,_,_,_,S,_,S
S,O,D,C,1,S,P,0,3,_,_,S,P,R
S,O,D,A,4,R,7,3,7,_,_,A,S,O
S,O,D,A,3,R,7,2,5,_,_,A,G,N
S,O,D,A,3,R,5,9,5,_,_,A,G,N
S,O,D,A,1,C,6,0,0,B,_,A,S,O
S,O,D,A,1,R,5,4,2,_,_,A,S,O
S,O,D,A,4,R,7,3,9,_,_,A,R,S
S,O,D,A,2,S,1,4,_,P,_,_,V,R
S,O,D,A,4,R,5,6,3,_,_,A,R,T
S,O,D,A,4,R,5,6,3,_,_,A,R,S
S,O,D,A,1,C,4,0,0,A,_,A,R,T
S,O,D,E,0,5,_,_,_,_,_,S,_,S
S,O,D,A,1,C,4,0,0,A,_,A,R,S
S,O,D,A,1,C,5,0,0,A,_,A,R,T
S,O,D,A,1,C,5,0,0,A,_,A,R,S
S,O,D,A,1,R,5,8,2,_,2,V,A,V
S,O,D,F,C,0,1,A,_,_,_,C,V,P
S,O,D,C,2,T,2,_,_,L,_,S,T,A
S,O,D,A,1,R,6,8,4,_,_,A,S,O
S,O,D,A,1,R,2,8,7,_,_,T,M,R
S,O,D,A,4,R,3,7,7,_,_,A,S,O
S,O,D,A,1,R,6,7,6,_,_,A,S,O
S,O,D,A,3,R,7,8,9,_,_,A,R,S
S,O,D,F,C,0,1,A,_,_,_,S,_,S
S,O,D,A,3,R,7,8,9,_,_,A,R,T
S,O,D,C,1,_,_,_,_,_,_,S,_,S
S,O,D,A,1,C,7,0,0,A,R,V,A,V
S,O,D,C,3,_,_,_,_,_,_,_,V,P
S,O,D,3,3,N,E,T,_,_,_,T,M,R
S,O,D,A,3,R,7,2,7,_,R,V,A,V
S,O,D,A,3,R,6,2,9,_,_,A,R,T
S,O,D,A,3,R,6,2,9,_,_,A,R,S
S,O,D,A,4,C,7,5,1,_,_,A,R,T
S,O,D,A,1,R,3,2,6,_,_,A,R,S
S,O,D,A,1,R,3,2,6,_,_,A,R,T
S,O,D,A,4,C,7,5,1,_,_,A,R,S
S,O,D,A,4,R,5,5,1,_,_,A,S,O
S,O,D,A,4,R,7,3,9,_,R,V,A,V
S,O,D,H,1,X,_,_,_,_,_,S,W,S
S,O,D,H,1,X,_,_,_,_,_,S,W,T
S,O,D,A,3,R,7,9,8,_,_,A,G,N
S,O,D,A,1,R,3,8,0,_,_,A,R,T
S,O,D,A,1,R,3,8,0,_,_,A,R,S
S,O,D,A,4,R,4,6,5,E,_,A,R,T
S,O,D,A,4,R,4,6,5,E,_,A,R,S
S,O,D,A,1,C,7,0,0,A,_,A,S,O
S,O,D,A,1,R,2,7,7,_,_,V,A,V
S,O,D,A,3,R,3,2,1,_,R,V,A,V
S,O,D,A,1,S,1,1,_,_,_,H,V,P
S,O,D,C,2,_,_,_,_,_,_,_,V,P
S,O,D,A,3,_,_,_,_,O,C,C,P,Y
S,O,D,A,3,R,4,2,1,_,R,V,A,V
S,O,D,A,3,R,4,2,1,_,_,A,S,O
S,O,D,A,1,R,4,3,0,A,_,A,S,O
S,O,D,A,4,R,6,3,9,_,_,A,S,O
S,O,D,A,3,R,4,1,3,_,_,A,S,O
S,O,D,A,3,S,1,6,_,_,_,S,P,R
S,O,D,A,1,R,2,8,4,_,_,V,A,V
S,O,D,A,1,S,1,1,_,_,_,H,_,C
S,O,D,A,3,S,1,6,_,_,_,S,P,D
S,O,D,A,3,S,1,6,_,_,_,S,T,P
S,O,D,A,3,R,4,6,5,K,_,A,G,N
S,O,D,A,1,S,1,1,_,E,_,S,T,P
S,O,D,A,1,S,1,1,_,E,_,S,T,S
S,O,D,A,1,S,1,1,D,P,_,S,T,A
S,O,D,A,4,R,7,7,5,_,_,A,S,O
S,O,D,A,1,R,1,9,0,A,_,A,G,N
S,O,D,A,3,R,3,9,5,_,R,V,A,V
S,O,D,A,3,R,4,1,5,_,_,A,G,N
S,O,D,A,4,R,6,3,3,_,_,A,G,N
S,O,D,A,4,R,6,3,1,_,_,A,R,S
S,O,D,A,4,R,6,3,1,_,_,A,R,T
S,O,D,A,1,R,6,3,4,_,_,A,G,N
S,O,D,A,1,C,4,0,0,B,_,A,R,S
S,O,D,C,1,C,2,P,0,6,_,S,T,A
S,O,D,A,1,R,3,4,0,_,_,A,G,N
S,O,D,A,1,R,4,2,0,A,_,A,L,M
S,O,D,A,1,R,5,1,4,_,_,A,G,N
S,O,D,A,4,R,7,3,7,_,_,A,R,T
S,O,D,C,1,S,_,_,_,_,F,L,O,W
S,O,D,A,4,R,7,3,7,_,_,A,R,S
S,O,D,C,3,A,3,9,_,_,_,A,L,M
S,O,D,A,4,R,5,4,5,_,_,A,S,O
S,O,D,A,3,_,_,_,_,_,_,S,_,S
S,O,D,A,1,R,3,1,0,_,_,A,G,N
S,O,D,A,1,R,3,1,6,_,_,A,S,O
S,O,D,A,1,C,7,0,0,C,R,V,A,V
S,O,D,A,1,C,7,0,0,B,_,A,S,O
S,O,D,A,4,R,5,7,7,_,_,A,S,O
S,O,D,A,1,R,3,3,6,_,_,A,G,N
S,O,D,A,3,R,7,8,5,_,D,_,T,M
S,O,D,H,1,_,_,_,_,_,_,A,_,M
S,O,D,A,4,R,7,5,2,_,_,V,A,V
S,O,D,A,3,R,4,6,5,_,7,A,G,N
S,O,D,C,2,T,1,_,_,L,_,S,T,A
S,O,D,A,1,R,5,3,4,_,_,A,S,O
S,O,D,_,_,B,L,D,_,1,_,O,A,T
S,O,D,A,4,C,7,5,1,_,_,A,S,O
S,O,D,A,3,R,4,1,7,_,_,A,S,O
S,O,D,A,1,R,3,2,6,_,_,A,S,O
S,O,D,A,3,R,6,2,9,_,_,A,S,O
S,O,D,A,1,R,5,6,6,_,_,A,R,T
S,O,D,A,1,R,5,6,6,_,_,A,R,S
S,O,D,A,1,R,2,5,2,_,_,A,G,N
S,O,D,A,3,R,6,9,5,_,_,A,R,S
S,O,D,A,3,R,5,8,3,_,_,A,R,S
S,O,D,A,3,R,5,8,3,_,_,A,R,T
S,O,D,_,_,B,L,D,_,C,U,R,T,L
S,O,D,A,3,R,7,9,5,_,R,V,A,V
S,O,D,A,4,R,5,3,5,_,_,A,G,N
S,O,D,A,3,R,3,3,1,_,_,A,S,O
S,O,D,A,1,F,5,_,V,A,V,_,A,V
S,O,D,E,0,4,_,_,_,_,_,S,_,S
S,O,D,A,4,R,7,7,3,_,_,A,R,T
S,O,D,A,4,R,7,7,3,_,_,A,R,S
S,O,D,A,3,S,1,6,_,P,_,_,V,R
S,O,D,A,4,R,6,7,5,_,_,A,G,N
S,O,D,A,1,C,7,0,0,A,_,A,R,T
S,O,D,A,1,C,7,0,0,A,_,A,R,S
S,O,D,A,1,R,4,0,5,A,_,A,G,N
S,O,D,A,1,R,2,8,3,E,_,A,R,T
S,O,D,A,3,S,1,6,S,A,S,A,_,M
S,O,D,A,1,R,3,8,0,_,_,A,S,O
S,O,D,A,4,R,3,4,7,_,R,V,A,V
S,O,D,A,1,R,2,8,3,E,_,A,R,S
S,O,D,A,3,C,6,1,1,_,_,A,G,N
S,O,D,A,4,R,4,6,5,H,_,R,V,P
S,O,D,A,1,R,1,8,7,_,_,A,S,O
S,O,D,A,1,C,4,0,0,A,_,A,S,O
S,O,D,A,1,C,6,0,0,B,_,A,G,N
S,O,D,A,3,R,3,1,3,_,_,A,R,S
S,O,D,A,4,R,5,6,3,_,_,A,S,O
S,O,D,A,3,R,3,1,3,_,_,A,R,T
S,O,D,A,4,_,_,L,O,W,_,R,A,T
S,O,D,A,3,R,6,2,5,_,_,A,R,S
S,O,D,A,3,R,6,2,5,_,_,A,R,T
S,O,D,A,4,R,3,7,7,_,_,A,R,T
S,O,D,A,4,R,6,6,5,_,R,V,A,V
S,O,D,A,1,R,6,8,4,_,_,A,R,T
S,O,D,A,1,R,6,8,4,_,_,A,R,S
S,O,D,A,1,R,5,0,8,_,_,A,R,T
S,O,D,A,4,R,3,7,7,_,_,A,R,S
S,O,D,A,3,R,7,8,5,_,_,A,D,S
S,O,D,A,4,R,7,7,5,_,_,A,R,S
S,O,D,A,1,R,4,3,8,_,R,V,A,V
S,O,D,A,4,R,7,7,5,_,_,A,R,T
S,O,D,A,3,R,6,8,1,A,R,V,A,V
S,O,D,S,0,1,R,1,8,3,_,S,_,S
S,O,D,A,1,R,7,7,6,_,_,A,S,O
S,O,D,A,1,R,3,3,0,A,_,A,S,O
S,O,D,A,1,E,1,2,_,_,_,R,A,T
S,O,D,A,4,R,6,3,1,_,_,A,S,O
S,O,D,E,0,2,_,_,_,_,_,S,_,S
S,O,D,A,1,R,4,3,4,_,_,A,R,T
S,O,D,A,1,R,4,3,4,_,_,A,R,S
S,O,D,A,4,R,7,3,1,_,_,A,G,N
S,O,D,A,4,R,5,5,1,_,_,A,R,S
S,O,D,A,4,R,5,5,1,_,_,A,R,T
S,O,D,A,3,R,7,2,3,_,_,A,G,N
S,O,D,A,3,R,6,2,5,_,R,V,A,V
S,O,D,A,4,R,4,6,5,E,_,A,G,N
S,O,D,A,3,R,3,9,3,_,R,V,A,V
S,O,D,H,1,P,0,2,_,_,_,S,_,S
S,O,D,A,1,R,2,5,2,_,_,V,A,V
S,O,D,C,1,S,P,0,3,_,_,A,M,P
S,O,D,A,4,R,5,7,7,_,_,A,R,T
S,O,D,A,4,R,5,7,7,_,_,A,R,S
S,O,D,A,1,R,6,3,4,_,_,A,R,T
S,O,D,H,1,P,0,2,_,_,_,T,M,R
S,O,D,A,1,R,3,1,6,_,_,A,R,S
S,O,D,A,4,R,7,3,5,_,_,A,S,O
S,O,D,A,4,C,3,0,0,T,_,A,G,N
S,O,D,C,2,_,_,_,_,_,_,S,_,S
S,O,D,A,1,C,4,0,0,C,_,A,R,S
S,O,D,A,1,C,4,0,0,C,_,A,R,T
S,O,D,A,4,R,5,6,7,_,_,A,G,N
S,O,D,A,4,A,L,L,_,3,4,A,R,S
S,O,D,A,1,R,3,8,4,_,_,A,G,N
S,O,D,A,4,R,7,4,1,_,_,A,G,N
S,O,D,A,4,R,7,6,5,_,R,V,A,V
S,O,D,C,1,C,2,P,0,8,_,S,T,A
S,O,D,A,2,_,_,_,_,O,C,C,P,Y
S,O,D,A,1,R,4,9,8,_,_,V,A,V
S,O,D,A,1,R,2,8,7,_,_,A,G,N
S,O,D,A,1,C,6,0,0,A,_,A,G,N
S,O,D,A,3,R,4,1,3,_,_,A,R,S
S,O,D,C,3,P,0,9,_,_,_,S,_,S
S,O,D,A,4,R,7,3,3,_,R,V,A,V
S,O,D,A,3,R,4,1,3,_,_,A,R,T
S,O,D,F,C,0,1,B,_,_,_,C,V,P
S,O,D,A,3,S,1,6,_,_,_,S,M,K
S,O,D,A,1,E,1,2,D,P,_,S,T,A
S,O,D,A,1,R,5,3,0,_,_,T,M,R
S,O,D,_,_,B,L,D,_,1,S,K,W,H
S,O,D,A,4,R,6,3,5,_,_,A,G,N
S,O,D,A,4,S,1,8,_,_,_,S,M,K
S,O,D,A,1,R,3,3,6,_,_,V,A,V
S,O,D,A,3,R,6,2,1,_,_,A,G,N
S,O,D,A,3,S,1,6,D,P,_,S,T,A
S,O,D,H,1,P,0,2,_,_,_,A,M,P
S,O,D,A,3,R,7,8,1,_,_,A,S,O
S,O,D,A,4,R,3,3,9,_,_,A,G,N
S,O,D,A,1,R,4,1,0,B,_,V,A,V
S,O,D,A,3,R,3,1,3,_,_,A,S,O
S,O,D,A,1,R,3,3,0,B,_,A,R,T
S,O,D,A,1,R,3,3,0,B,_,A,R,S
S,O,D,A,1,C,7,0,0,D,_,A,G,N
S,O,D,A,4,R,4,4,1,_,R,V,A,V
S,O,D,A,1,R,6,0,6,_,_,A,S,O
S,O,D,A,3,R,6,8,7,_,R,V,A,V
S,O,D,A,4,R,3,6,5,_,R,V,A,V
S,O,D,A,4,R,7,3,7,_,_,A,G,N
S,O,D,A,3,R,6,2,1,_,_,A,S,O
S,O,D,A,4,R,6,7,3,_,_,A,G,N
S,O,D,A,1,R,3,6,4,_,_,A,R,S
S,O,D,A,1,R,5,6,6,_,_,A,S,O
S,O,D,A,4,R,6,5,1,_,_,A,R,S
S,O,D,A,1,R,3,6,4,_,_,A,R,T
S,O,D,A,1,R,5,0,8,_,_,A,G,N
S,O,D,A,3,R,4,1,7,_,_,A,R,T
S,O,D,A,3,R,4,1,7,_,_,A,R,S
S,O,D,A,1,R,3,9,8,_,_,A,G,N
S,O,D,A,1,R,5,1,6,_,_,A,G,N
S,O,D,A,1,R,1,9,0,B,_,A,G,N
S,O,D,A,3,E,1,7,_,_,_,S,P,R
S,O,D,A,3,R,6,8,5,_,R,V,A,V
S,O,D,C,3,A,4,1,_,_,_,S,T,A
S,O,D,A,1,R,6,8,4,_,_,A,G,N
S,O,D,C,1,C,3,P,1,1,_,S,T,A
S,O,D,A,4,R,3,7,7,_,_,A,G,N
S,O,D,A,1,R,2,9,0,_,_,V,A,V
S,O,D,A,1,F,4,_,V,A,V,_,A,V
S,O,D,C,3,P,1,0,_,_,_,T,M,R
S,O,D,A,4,R,4,6,5,E,_,R,V,P
S,O,D,A,1,R,3,6,9,_,_,A,G,N
S,O,D,A,1,C,7,0,0,A,_,A,G,N
S,O,D,A,3,R,6,8,9,_,_,A,R,T
S,O,D,A,1,C,1,8,0,_,_,A,S,O
S,O,D,A,3,R,6,8,9,_,_,A,R,S
S,O,D,A,3,R,6,2,5,_,_,A,S,O
S,O,D,A,1,R,3,1,6,_,_,A,R,T
S,O,D,A,1,R,2,8,3,E,_,A,S,O
S,O,D,A,4,A,L,L,_,3,3,A,R,S
S,O,D,H,1,P,0,1,_,_,_,T,M,R
S,O,D,A,1,C,7,0,0,C,_,A,R,S
S,O,D,A,1,R,6,3,4,_,_,A,R,S
S,O,D,A,1,C,7,0,0,C,_,A,R,T
S,O,D,A,1,R,4,4,2,_,_,V,A,V
S,O,D,A,1,R,5,6,2,A,_,A,G,N
S,O,D,A,1,R,1,8,7,_,_,A,R,S
S,O,D,A,1,R,5,1,0,_,_,A,G,N
S,O,D,A,1,R,1,8,7,_,_,A,R,T
S,O,D,C,1,S,P,0,4,_,_,S,_,S
S,O,D,A,1,_,S,L,C,T,_,P,I,D
S,O,D,A,4,R,5,4,5,_,_,A,R,T
S,O,D,A,4,R,5,4,5,_,_,A,R,S
S,O,D,A,1,F,1,_,V,A,V,_,A,V
S,O,D,_,_,B,L,D,_,2,S,K,W,H
S,O,D,A,4,S,1,8,_,_,_,D,M,P
S,O,D,A,3,R,5,1,7,_,_,A,R,S
S,O,D,A,3,R,5,1,7,_,_,A,R,T
S,O,D,A,1,E,1,3,_,_,_,S,P,R
S,O,D,A,1,R,7,7,6,_,_,A,R,S
S,O,D,A,1,R,7,7,6,_,_,A,R,T
S,O,D,A,1,R,4,6,5,_,6,A,S,O
S,O,D,H,1,P,0,2,D,P,_,S,T,A
S,O,D,A,4,S,1,8,_,_,_,S,P,R
S,O,D,S,0,3,B,R,1,7,9,S,_,S
S,O,D,A,3,E,1,7,_,_,_,C,F,M
S,O,D,A,1,R,7,2,6,_,_,A,R,T
S,O,D,A,1,R,4,6,5,B,_,A,S,O
S,O,D,A,1,R,4,3,4,_,_,A,S,O
S,O,D,A,1,R,7,2,6,_,_,A,R,S
S,O,D,A,1,_,_,_,_,C,U,R,T,L
S,O,D,A,4,E,1,9,_,_,_,R,A,T
S,O,D,A,1,R,3,3,0,A,_,A,R,T
S,O,D,A,4,S,1,8,_,I,_,_,V,R
S,O,D,A,1,R,3,3,0,A,_,A,R,S
S,O,D,A,3,R,4,1,9,_,R,V,A,V
S,O,D,A,4,R,5,3,7,_,_,A,S,O
S,O,D,H,1,_,_,_,_,_,_,D,P,S
S,O,D,H,1,_,_,_,_,_,_,D,P,R
S,O,D,_,_,B,L,D,_,_,_,H,P,S
S,O,D,C,3,_,_,_,_,_,_,D,P,R
S,O,D,C,3,_,_,_,_,_,_,D,P,S
S,O,D,C,3,A,3,2,_,_,_,A,L,M
S,O,D,A,3,R,7,8,1,_,_,A,R,S
S,O,D,A,3,R,7,8,1,_,_,A,R,T
S,O,D,A,1,R,3,1,6,_,_,A,G,N
S,O,D,A,4,R,5,7,7,_,_,A,G,N
S,O,D,A,4,R,4,4,9,_,_,A,G,N
S,O,D,A,3,R,3,8,1,_,R,V,A,V
S,O,D,A,4,R,3,3,9,_,R,V,A,V
S,O,D,C,1,P,_,_,_,_,_,T,O,N
S,O,D,A,4,R,3,6,9,_,_,A,R,S
S,O,D,A,4,R,7,3,5,_,_,A,R,T
S,O,D,A,4,R,7,3,5,_,_,A,R,S
S,O,D,A,4,R,3,6,9,_,_,A,R,T
S,O,D,A,1,C,4,0,0,C,_,A,S,O
S,O,D,C,3,P,0,9,_,_,_,T,M,R
S,O,D,A,3,R,3,1,7,_,_,A,R,T
S,O,D,A,1,R,6,3,4,_,_,A,S,O
S,O,D,A,3,R,3,1,7,_,_,A,R,S
S,O,D,A,4,R,4,4,3,_,_,A,S,O
S,O,D,C,3,A,3,4,_,_,_,A,L,M
S,O,D,A,3,R,5,8,7,_,_,A,S,O
S,O,D,C,3,A,3,9,_,_,_,S,T,A
S,O,D,A,3,R,3,9,5,_,_,A,R,S
S,O,D,A,3,R,3,9,5,_,_,A,R,T
S,O,D,A,1,R,4,3,0,A,_,A,G,N
S,O,D,A,3,R,5,1,5,_,R,V,A,V
S,O,D,A,4,R,6,3,9,_,_,A,G,N
S,O,D,A,4,R,3,3,7,A,_,A,S,O
S,O,D,A,4,R,5,4,3,_,_,A,G,N
S,O,D,C,1,C,4,_,_,_,_,S,_,S
S,O,D,A,1,R,2,5,2,_,_,A,R,S
S,O,D,A,1,R,2,5,2,_,_,A,R,T
S,O,D,A,1,R,2,8,0,_,_,A,R,S
S,O,D,A,4,R,7,3,3,_,_,A,S,O
S,O,D,C,2,_,_,P,_,_,_,V,L,V
S,O,D,C,1,C,3,_,4,_,C,M,P,2
S,O,D,3,4,B,L,D,_,C,_,S,A,S
S,O,D,A,3,R,5,2,3,_,R,V,A,V
S,O,D,A,4,R,6,5,1,_,_,A,S,O
S,O,D,A,1,R,3,6,4,_,_,A,S,O
S,O,D,A,4,R,3,4,1,_,R,V,A,V
S,O,D,A,1,R,3,3,6,_,_,A,S,O
S,O,D,A,4,R,7,4,1,_,_,A,R,T
S,O,D,A,3,R,5,2,5,_,_,A,S,O
S,O,D,A,4,R,7,4,1,_,_,A,R,S
S,O,D,A,3,R,6,1,7,_,_,A,G,N
S,O,D,A,1,C,7,0,0,D,R,V,A,V
S,O,D,C,2,T,2,_,_,H,_,S,T,A
S,O,D,A,4,R,3,3,7,_,_,A,S,O
S,O,D,A,1,R,2,7,3,_,_,A,G,N
S,O,D,A,1,R,6,5,2,_,_,A,G,N
S,O,D,A,3,R,4,6,5,_,5,A,G,N
S,O,D,A,1,R,6,8,2,_,_,A,G,N
S,O,D,A,3,R,7,2,1,_,_,A,S,O
S,O,D,C,2,_,_,_,_,_,_,R,W,T
S,O,D,A,3,R,4,1,7,_,_,A,G,N
S,O,D,A,1,R,3,2,6,_,_,A,G,N
S,O,D,A,4,_,_,_,_,_,_,S,_,S
S,O,D,C,1,C,2,P,0,8,_,S,_,S
S,O,D,A,1,R,2,5,2,_,_,A,S,O
S,O,D,A,4,R,7,7,9,_,R,V,A,V
S,O,D,A,1,R,7,3,4,_,_,V,A,V
S,O,D,C,1,C,2,_,_,_,_,S,W,S
S,O,D,C,1,C,2,_,_,_,_,S,W,T
S,O,D,A,1,R,6,7,8,_,_,A,R,T
S,O,D,A,3,E,1,7,_,_,_,R,A,T
S,O,D,A,1,R,3,4,0,_,_,V,A,V
S,O,D,C,1,_,C,N,D,_,F,L,O,W
S,O,D,A,1,R,3,3,0,B,_,A,S,O
S,O,D,3,2,B,L,D,_,R,E,S,E,T
S,O,D,C,2,_,_,_,_,_,_,P,I,D
S,O,D,A,4,R,7,7,9,_,_,A,S,O
S,O,D,A,3,R,3,2,3,_,_,A,S,O
S,O,D,A,1,R,6,0,6,_,_,A,R,T
S,O,D,A,1,R,6,0,6,_,_,A,R,S
S,O,D,A,4,R,6,7,7,_,_,A,R,S
S,O,D,A,4,R,6,7,3,_,_,A,R,S
S,O,D,A,4,R,7,7,7,_,_,A,S,O
S,O,D,A,4,R,6,7,3,_,_,A,R,T
S,O,D,A,3,S,1,6,S,T,P,A,L,M
S,O,D,A,4,R,7,7,9,_,_,A,G,N
S,O,D,A,1,R,3,7,6,A,_,A,G,N
S,O,D,A,1,R,6,2,6,_,_,A,G,N
S,O,D,A,1,R,4,6,5,_,6,A,R,T
S,O,D,A,1,R,4,6,5,_,6,A,R,S
S,O,D,A,3,S,1,6,_,_,_,M,A,T
S,O,D,A,4,R,3,7,3,_,_,A,R,S
S,O,D,A,1,R,2,9,0,_,_,T,M,R
S,O,D,A,1,R,4,1,0,B,_,A,S,O
S,O,D,A,4,R,7,6,5,_,_,A,G,N
S,O,D,A,4,R,3,7,3,_,_,A,R,T
S,O,D,A,1,R,4,6,5,B,_,A,R,T
S,O,D,A,1,R,7,2,6,_,_,A,S,O
S,O,D,A,1,R,4,6,5,B,_,A,R,S
S,O,D,A,2,S,1,4,_,_,_,S,_,S
S,O,D,A,4,R,6,8,1,B,R,V,A,V
S,O,D,A,1,C,1,8,0,_,_,A,R,S
S,O,D,A,3,R,6,8,9,_,_,A,S,O
S,O,D,A,1,R,5,0,8,_,_,V,A,V
S,O,D,A,1,C,1,8,0,_,_,A,R,T
S,O,D,A,4,E,1,9,_,_,_,S,P,R
S,O,D,A,4,R,4,4,3,_,_,A,R,T
S,O,D,A,4,R,4,4,3,_,_,A,R,S
S,O,D,A,1,S,1,1,_,_,_,S,M,K
S,O,D,A,4,R,3,7,9,_,R,V,A,V
S,O,D,A,1,R,4,2,0,A,_,A,S,O
S,O,D,A,4,C,3,0,0,T,_,A,R,S
S,O,D,A,4,C,3,0,0,T,_,A,R,T
S,O,D,3,3,B,L,D,_,1,_,V,A,R
S,O,D,A,3,R,6,8,1,A,_,A,R,T
S,O,D,A,4,R,3,6,9,_,_,A,S,O
S,O,D,A,3,R,5,2,9,_,_,A,G,N
S,O,D,A,1,R,4,2,0,A,_,V,A,V
S,O,D,A,4,R,3,3,7,A,_,A,R,S
S,O,D,A,3,R,7,8,7,_,_,A,G,N
S,O,D,A,4,R,3,3,7,A,_,A,R,T
S,O,D,A,3,R,5,8,7,_,_,A,R,T
S,O,D,A,3,R,5,8,7,_,_,A,R,S
S,O,D,A,3,R,3,9,5,_,_,A,S,O
S,O,D,A,3,R,3,1,7,_,R,V,A,V
S,O,D,C,3,A,3,5,_,_,_,S,T,A
S,O,D,A,1,R,4,2,0,_,_,A,R,S
S,O,D,A,3,A,L,L,_,3,3,A,R,S
S,O,D,A,1,R,5,2,4,_,_,V,A,V
S,O,D,A,1,R,3,8,4,_,_,V,A,V
S,O,D,A,3,R,5,1,7,_,_,A,S,O
S,O,D,A,4,R,3,4,5,_,_,A,G,N
S,O,D,A,1,R,7,7,6,_,_,V,A,V
S,O,D,A,3,R,6,1,5,_,_,A,G,N
S,O,D,A,4,R,6,3,1,_,R,V,A,V
S,O,D,A,4,R,3,3,7,_,_,A,R,S
S,O,D,A,3,R,7,8,7,_,R,V,A,V
S,O,D,A,4,R,3,3,7,_,_,A,R,T
S,O,D,C,1,S,P,0,3,_,_,S,T,A
S,O,D,A,1,R,5,8,2,_,1,V,A,V
S,O,D,A,1,R,1,8,7,A,_,A,G,N
S,O,D,A,3,R,5,2,5,_,_,A,R,T
S,O,D,A,4,R,7,4,1,_,_,A,S,O
S,O,D,A,3,R,5,2,5,_,_,A,R,S
S,O,D,A,3,R,5,1,3,_,_,A,G,N
S,O,D,A,1,R,3,3,6,_,_,A,R,S
S,O,D,A,1,R,4,6,5,D,_,A,S,O
S,O,D,A,1,R,3,3,6,_,_,A,R,T
S,O,D,A,4,R,7,3,9,_,_,A,G,N
S,O,D,A,4,R,6,7,7,_,_,A,G,N
S,O,D,H,1,P,0,1,_,_,_,F,L,T
S,O,D,A,1,R,3,4,0,_,_,A,L,M
S,O,D,A,1,R,4,1,6,_,_,V,A,V
S,O,D,A,1,R,4,9,8,_,_,A,G,N
S,O,D,A,4,R,3,6,7,_,_,A,R,S
S,O,D,A,1,R,5,4,4,_,_,A,R,T
S,O,D,C,1,S,P,0,4,_,_,A,M,P
S,O,D,A,1,R,5,4,4,_,_,A,R,S
S,O,D,C,1,C,2,S,Y,S,_,S,_,S
S,O,D,A,4,R,5,3,7,_,_,A,R,S
S,O,D,A,4,R,5,3,7,_,_,A,R,T
S,O,D,A,1,E,1,3,_,_,_,C,F,M
S,O,D,A,4,R,7,3,5,_,_,A,G,N
S,O,D,A,3,R,5,2,7,_,_,A,S,O
S,O,D,A,1,R,4,3,0,_,_,A,G,N
S,O,D,C,1,C,3,_,4,_,_,3,T,M
S,O,D,A,1,C,3,0,0,_,_,A,S,O
S,O,D,A,1,R,6,5,2,_,_,A,R,T
S,O,D,A,1,R,6,5,2,_,_,A,R,S
S,O,D,E,0,1,A,_,_,_,_,S,_,S
S,O,D,A,1,R,4,0,5,B,_,A,G,N
S,O,D,A,3,R,3,2,5,_,R,V,A,V
S,O,D,A,1,R,2,8,0,_,_,A,R,T
S,O,D,A,1,R,5,6,2,A,_,V,A,V
S,O,D,A,4,R,7,7,7,_,_,A,R,S
S,O,D,A,4,R,7,7,7,_,_,A,R,T
S,O,D,A,4,R,6,7,3,_,_,A,S,O
S,O,D,A,2,S,1,4,_,_,_,H,_,C
S,O,D,_,_,B,L,D,_,1,_,V,A,R
S,O,D,A,1,F,5,_,V,A,V,_,M,N
S,O,D,A,1,R,6,0,6,_,_,A,G,N
S,O,D,A,4,R,3,4,1,_,_,A,R,S
S,O,D,A,4,R,3,4,1,_,_,A,R,T
S,O,D,A,1,R,2,7,3,_,_,V,A,V
S,O,D,A,4,R,6,7,5,_,R,V,A,V
S,O,D,A,1,R,5,3,4,_,_,A,G,N
S,O,D,A,1,F,5,_,V,A,V,_,M,X
S,O,D,A,2,S,1,4,D,P,_,S,T,A
S,O,D,A,3,R,6,8,1,A,_,A,R,S
S,O,D,A,4,R,6,4,3,_,_,A,S,O
S,O,D,A,4,R,7,3,7,_,R,V,A,V
S,O,D,A,3,R,3,2,7,_,R,V,A,V
S,O,D,A,4,_,_,_,_,O,C,C,P,Y
S,O,D,A,4,R,3,3,9,_,_,A,R,T
S,O,D,A,3,R,7,1,9,_,_,A,R,S
S,O,D,A,3,R,7,1,9,_,_,A,R,T
S,O,D,C,1,S,P,0,3,_,F,A,I,L
S,O,D,C,3,A,3,7,_,_,_,A,L,M
S,O,D,C,1,S,_,_,F,_,F,L,O,W
S,O,D,A,4,R,5,7,6,_,_,A,R,T
S,O,D,A,3,C,4,1,1,_,_,A,R,S
S,O,D,A,3,C,4,1,1,_,_,A,R,T
S,O,D,A,1,R,5,3,4,_,_,V,A,V
S,O,D,A,1,R,5,4,4,_,_,V,A,V
S,O,D,A,4,R,5,7,6,_,_,A,R,S
S,O,D,A,4,S,1,8,D,P,_,S,T,A
S,O,D,A,3,S,1,6,_,_,_,F,L,T
S,O,D,C,1,S,P,0,3,_,_,S,_,S
S,O,D,C,1,C,2,_,_,C,D,R,W,T
S,O,D,A,4,R,6,6,5,_,_,A,G,N
S,O,D,A,1,R,3,9,8,_,_,A,S,O
S,O,D,A,2,E,1,5,_,_,_,S,_,S
S,O,D,A,3,R,4,1,3,_,R,V,A,V
S,O,D,A,1,R,1,8,4,_,_,A,R,T
S,O,D,A,1,R,6,2,6,_,_,V,A,V
S,O,D,A,1,R,1,8,4,_,_,A,R,S
S,O,D,A,3,R,7,2,1,_,_,A,R,S
S,O,D,A,3,R,7,2,1,_,_,A,R,T
S,O,D,A,1,R,2,9,0,_,_,A,G,N
S,O,D,A,1,R,1,8,7,A,_,V,A,V
S,O,D,A,5,S,2,0,D,P,_,S,T,A
S,O,D,A,3,R,4,6,5,_,4,A,G,N
S,O,D,A,3,R,3,1,7,_,_,A,S,O
S,O,D,A,3,R,3,2,5,_,_,A,G,N
S,O,D,C,2,T,1,_,_,_,_,V,L,V
S,O,D,A,1,R,7,8,4,_,_,A,R,S
S,O,D,A,1,R,5,8,2,_,_,A,R,S
S,O,D,A,1,R,4,3,0,A,_,V,A,V
S,O,D,A,4,R,5,7,6,_,R,V,A,V
S,O,D,A,4,R,3,4,5,_,R,V,A,V
S,O,D,A,3,R,6,1,5,_,_,A,R,S
S,O,D,A,3,R,4,6,5,K,_,A,R,S
S,O,D,A,1,R,2,7,5,_,_,A,R,T
S,O,D,A,1,R,2,7,5,_,_,A,R,S
S,O,D,A,1,R,5,1,0,_,_,A,S,O
S,O,D,A,3,R,3,8,1,_,_,A,S,O
S,O,D,A,3,R,6,1,5,_,_,A,R,T
S,O,D,A,3,R,7,8,3,_,_,A,S,O
S,O,D,A,3,R,3,1,9,_,_,A,G,N
S,O,D,A,1,R,5,3,0,_,_,A,G,N
S,O,D,C,2,_,_,_,_,_,_,A,L,M
S,O,D,_,_,_,_,M,A,X,_,O,A,T
S,O,D,A,3,A,L,L,_,3,1,A,R,S
S,O,D,A,1,R,5,4,4,_,_,A,S,O
S,O,D,A,1,C,3,0,0,_,_,A,R,S
S,O,D,A,1,C,3,0,0,_,_,A,R,T
S,O,D,A,1,R,1,8,4,_,_,V,A,V
S,O,D,A,3,R,5,2,7,_,_,A,R,T
S,O,D,A,3,R,5,2,7,_,_,A,R,S
S,O,D,A,1,C,4,0,0,C,_,A,G,N
S,O,D,A,3,C,7,1,1,_,_,A,G,N
S,O,D,A,4,R,4,4,3,_,_,A,G,N
S,O,D,A,3,R,6,9,8,_,_,A,G,N
S,O,D,A,4,R,6,5,1,_,_,A,G,N
S,O,D,C,3,_,_,T,_,C,_,S,T,A
S,O,D,A,4,R,6,7,7,_,R,V,A,V
S,O,D,A,4,R,5,7,3,_,_,A,G,N
S,O,D,A,1,R,4,2,0,A,_,A,R,S
S,O,D,A,3,R,6,2,7,_,_,A,G,N
S,O,D,A,4,R,7,6,5,_,_,A,R,S
S,O,D,A,1,R,3,2,0,_,_,A,G,N
S,O,D,A,4,R,7,6,5,_,_,A,R,T
S,O,D,A,1,R,3,5,2,_,_,A,S,O
S,O,D,H,1,_,_,_,_,_,_,S,T,A
S,O,D,C,1,C,3,_,4,C,D,R,W,T
S,O,D,A,4,A,L,L,_,3,1,A,R,S
S,O,D,3,3,B,L,D,_,2,_,V,A,R
S,O,D,A,3,R,6,8,1,A,_,A,S,O
S,O,D,A,4,R,5,5,1,_,R,V,A,V
S,O,D,A,4,R,3,4,1,_,_,A,S,O
S,O,D,A,3,R,5,2,5,_,_,A,G,N
S,O,D,A,3,R,5,1,3,_,_,A,R,T
S,O,D,A,1,R,4,6,5,D,_,A,R,T
S,O,D,A,1,R,4,6,5,D,_,A,R,S
S,O,D,A,3,R,6,1,7,_,_,A,S,O
S,O,D,A,3,R,5,1,3,_,_,A,R,S
S,O,D,A,1,C,4,0,0,A,R,V,A,V
S,O,D,A,1,C,5,0,0,A,_,A,G,N
S,O,D,C,3,A,3,5,_,_,_,A,L,M
S,O,D,A,4,R,6,4,3,_,_,A,R,T
S,O,D,A,4,R,6,4,3,_,_,A,R,S
S,O,D,C,1,S,P,0,3,_,_,T,M,R
S,O,D,A,1,C,1,8,0,_,_,V,A,V
S,O,D,A,3,R,5,8,7,_,_,A,G,N
S,O,D,H,1,P,0,1,_,_,F,A,I,L
S,O,D,A,4,R,6,3,1,_,_,A,G,N
S,O,D,A,1,R,5,5,2,_,_,V,A,V
S,O,D,A,1,R,3,1,0,_,_,A,S,O
S,O,D,A,4,R,3,4,9,_,_,A,R,S
S,O,D,A,4,R,3,4,9,_,_,A,R,T
S,O,D,A,1,R,2,8,8,_,_,A,S,O
S,O,D,A,1,R,6,3,4,_,_,V,A,V
S,O,D,A,1,R,5,6,4,_,_,A,G,N
S,O,D,A,4,R,5,7,6,_,_,A,G,N
S,O,D,A,1,R,4,1,0,A,_,A,R,T
S,O,D,A,1,R,4,1,0,A,_,A,R,S
S,O,D,A,4,R,7,7,5,_,R,V,A,V
S,O,D,A,1,R,6,0,0,B,_,V,A,V
S,O,D,A,1,R,3,9,8,_,_,A,R,T
S,O,D,C,3,_,_,_,_,_,_,S,W,S
S,O,D,C,3,_,_,_,_,_,_,S,W,T
S,O,D,C,1,C,3,_,_,_,_,S,_,S
S,O,D,A,1,C,4,0,0,B,R,V,A,V
S,O,D,A,3,S,1,6,_,_,_,C,V,P
S,O,D,A,1,R,2,7,3,_,_,A,S,O
S,O,D,A,1,R,6,5,2,_,_,A,S,O
S,O,D,A,4,R,6,3,7,_,_,A,G,N
S,O,D,A,4,R,7,7,7,_,R,V,A,V
S,O,D,A,4,R,3,7,7,_,R,V,A,V
S,O,D,A,1,E,1,2,_,_,_,S,_,S
S,O,D,A,3,C,4,1,1,_,_,A,S,O
S,O,D,A,3,R,3,8,1,_,_,A,R,T
S,O,D,A,3,R,3,8,1,_,_,A,R,S
S,O,D,A,4,R,7,7,1,_,_,A,S,O
S,O,D,A,1,R,5,1,0,_,_,A,R,S
S,O,D,A,4,R,4,6,5,A,_,A,R,S
S,O,D,A,4,R,4,6,5,A,_,A,R,T
S,O,D,A,1,R,5,1,0,_,_,A,R,T
S,O,D,A,1,R,4,6,5,B,_,V,A,V
S,O,D,C,3,A,3,8,_,_,_,S,T,A
S,O,D,A,3,R,5,2,3,_,_,A,G,N
S,O,D,A,3,R,4,6,5,_,5,A,R,S
S,O,D,A,3,R,4,6,5,_,5,A,R,T
S,O,D,C,P,1,_,_,_,_,T,E,M,P
S,O,D,A,3,R,7,8,3,_,_,A,R,S
S,O,D,C,1,S,E,C,_,_,F,L,O,W
S,O,D,A,4,R,3,6,7,_,R,V,A,V
S,O,D,A,3,R,6,8,3,_,_,A,S,O
S,O,D,C,3,A,4,0,_,_,_,A,L,M
S,O,D,A,1,R,4,4,0,_,_,V,A,V
S,O,D,A,3,R,7,8,5,_,_,A,N,S
S,O,D,A,1,C,5,0,0,B,_,A,G,N
S,O,D,A,3,R,7,1,9,_,_,A,S,O
S,O,D,A,3,R,6,1,7,_,R,V,A,V
S,O,D,A,1,C,4,0,0,B,_,A,G,N
S,O,D,_,_,B,L,D,_,E,V,E,N,T
S,O,D,A,4,R,6,4,5,_,_,A,G,N
S,O,D,A,4,R,7,3,3,_,_,A,G,N
S,O,D,A,4,R,5,3,1,_,R,V,A,V
S,O,D,C,3,P,0,9,_,_,_,A,M,P
S,O,D,A,1,R,6,7,8,_,_,A,G,N
S,O,D,A,4,R,5,7,6,_,_,A,S,O
S,O,D,A,3,R,6,8,3,_,_,A,R,S
S,O,D,A,1,C,3,0,0,B,_,A,R,T
S,O,D,A,1,R,5,9,8,_,_,A,G,N
S,O,D,A,1,R,2,7,1,_,_,A,G,N
S,O,D,A,3,S,1,6,_,_,_,D,M,P
S,O,D,A,4,R,5,4,5,_,_,A,G,N
S,O,D,A,1,R,3,5,2,_,_,A,R,T
S,O,D,A,1,R,3,2,6,_,_,V,A,V
S,O,D,A,4,R,7,7,3,_,R,V,A,V
S,O,D,A,3,R,4,6,5,_,7,A,R,S
S,O,D,A,1,R,6,2,6,_,_,A,S,O
S,O,D,A,3,R,4,6,5,_,7,A,R,T
S,O,D,C,3,L,3,4,_,_,_,S,T,A
S,O,D,A,4,S,1,8,_,_,_,F,L,T
S,O,D,A,1,R,3,1,0,_,_,A,R,S
S,O,D,A,1,R,3,1,0,_,_,A,R,T
S,O,D,A,1,S,1,1,_,_,F,S,T,P
S,O,D,A,4,R,4,6,5,_,3,A,G,N
S,O,D,A,3,R,3,8,9,_,R,V,A,V
S,O,D,A,3,R,3,9,5,_,_,A,G,N
S,O,D,A,1,R,5,0,0,B,_,V,A,V
S,O,D,H,1,P,0,2,_,_,F,A,I,L
S,O,D,A,1,R,2,8,8,_,_,A,R,T
S,O,D,A,1,R,2,8,8,_,_,A,R,S
S,O,D,A,3,R,3,2,3,_,R,V,A,V
S,O,D,A,4,R,3,4,3,_,_,A,R,T
S,O,D,A,4,R,3,4,3,_,_,A,R,S
S,O,D,A,4,R,3,4,9,_,_,A,S,O
S,O,D,A,4,R,4,6,5,A,_,V,A,V
S,O,D,A,1,R,5,2,4,_,_,A,G,N
S,O,D,A,3,S,1,6,_,_,_,S,_,S
S,O,D,A,3,R,5,2,5,_,R,V,A,V
S,O,D,A,4,R,6,5,1,_,_,A,R,T
S,O,D,A,3,S,1,6,_,_,_,C,F,M
S,O,D,A,3,R,6,1,5,_,_,A,S,O
S,O,D,A,1,R,4,2,0,A,_,A,R,T
S,O,D,A,3,R,7,2,9,_,_,A,S,O
S,O,D,A,4,R,7,7,3,_,_,A,G,N
S,O,D,A,1,R,3,3,0,A,_,V,A,V
S,O,D,A,1,R,4,2,0,A,_,A,G,N
S,O,D,A,3,R,3,1,7,_,_,A,G,N
S,O,D,A,3,R,3,1,5,_,_,A,R,S
S,O,D,A,3,R,3,1,5,_,_,A,R,T
S,O,D,A,4,R,6,7,1,_,_,A,G,N
S,O,D,A,3,R,5,1,5,_,_,A,G,N
S,O,D,A,4,R,6,4,3,_,R,V,A,V
S,O,D,A,3,C,6,1,1,_,_,A,R,S
S,O,D,A,3,C,6,1,1,_,_,A,R,T
S,O,D,A,1,S,1,1,_,_,_,F,L,T
S,O,D,A,1,R,2,7,3,_,_,A,R,S
S,O,D,A,1,R,2,7,3,_,_,A,R,T
S,O,D,A,4,R,7,6,5,_,_,A,S,O
S,O,D,A,4,R,6,7,3,_,R,V,A,V
S,O,D,A,1,S,1,1,_,E,F,S,T,P
S,O,D,C,1,_,E,T,C,_,_,S,W,T
S,O,D,A,1,E,1,2,_,_,_,S,P,R
S,O,D,A,4,R,6,3,7,_,R,V,A,V
S,O,D,A,1,C,7,0,0,B,R,V,A,V
S,O,D,A,1,F,3,_,V,A,V,_,M,X
S,O,D,A,1,F,1,_,V,A,V,_,M,X
S,O,D,A,3,R,6,9,8,_,_,A,R,T
S,O,D,A,3,R,5,2,7,_,_,A,G,N
S,O,D,A,3,R,6,9,8,_,_,A,R,S
S,O,D,A,1,R,5,4,2,_,_,V,A,V
S,O,D,A,1,F,1,_,V,A,V,_,M,N
S,O,D,A,1,F,3,_,V,A,V,_,M,N
S,O,D,C,2,T,2,_,_,H,_,S,_,S
S,O,D,A,3,R,6,2,3,_,R,V,A,V
S,O,D,A,3,A,L,L,_,3,4,A,R,S
S,O,D,A,4,R,6,3,3,_,_,A,R,T
S,O,D,A,1,R,5,6,6,_,_,V,A,V
S,O,D,A,4,R,4,4,1,_,_,A,S,O
S,O,D,A,3,R,6,1,7,_,_,A,R,S
S,O,D,A,3,R,5,1,3,_,_,A,S,O
S,O,D,A,3,R,6,1,7,_,_,A,R,T
S,O,D,A,1,R,6,7,6,_,_,A,G,N
S,O,D,A,1,F,4,_,V,A,V,_,M,X
S,O,D,A,1,F,4,_,V,A,V,_,M,N
S,O,D,A,3,R,5,7,9,_,_,A,G,N
S,O,D,A,4,R,5,7,3,_,_,A,S,O
S,O,D,A,1,R,2,8,7,_,_,V,A,V
S,O,D,A,1,R,1,8,7,A,_,A,R,T
S,O,D,A,3,C,5,1,1,_,R,V,A,V
S,O,D,A,1,R,4,6,5,D,_,A,G,N
S,O,D,A,4,R,4,4,7,_,_,A,G,N
S,O,D,A,1,R,4,1,0,A,_,A,S,O
S,O,D,A,1,R,4,0,5,B,_,A,S,O
S,O,D,A,3,R,7,9,8,_,_,A,S,O
S,O,D,A,4,E,1,9,_,_,_,C,F,M
S,O,D,A,1,S,1,1,_,W,_,S,T,S
S,O,D,A,1,S,1,1,_,W,_,S,T,P
S,O,D,A,1,R,6,7,8,_,_,A,R,S
S,O,D,A,4,R,6,3,5,_,_,A,R,T
S,O,D,A,3,R,3,9,3,_,_,A,G,N
S,O,D,A,4,R,6,3,5,_,_,A,R,S
S,O,D,A,4,R,5,3,5,_,R,V,A,V
S,O,D,A,4,R,3,7,5,_,R,V,A,V
S,O,D,A,4,C,3,0,0,T,_,A,S,O
S,O,D,A,1,R,6,2,6,_,_,A,R,S
S,O,D,A,3,R,4,6,5,_,7,A,S,O
S,O,D,A,1,R,6,2,6,_,_,A,R,T
S,O,D,C,2,_,_,I,_,_,_,V,L,V
S,O,D,A,4,R,6,8,1,B,_,A,G,N
S,O,D,A,3,R,3,2,9,_,_,A,S,O
S,O,D,A,_,C,H,1,_,C,H,W,S,T
S,O,D,A,3,R,4,6,5,_,4,A,S,O
S,O,D,A,4,R,3,6,7,_,_,A,R,T
S,O,D,3,2,B,L,D,_,1,_,V,A,R
S,O,D,A,1,R,3,3,0,B,_,V,A,V
S,O,D,A,1,R,2,7,1,_,_,V,A,V
S,O,D,A,4,R,7,7,1,_,_,A,R,S
S,O,D,A,1,R,2,8,4,_,_,A,G,N
S,O,D,A,1,R,5,9,8,_,_,V,A,V
S,O,D,A,1,R,4,1,6,_,_,A,R,T
S,O,D,A,1,R,4,1,6,_,_,A,R,S
S,O,D,C,1,S,P,0,4,_,_,T,M,R
S,O,D,3,2,B,L,D,_,2,_,V,A,R
S,O,D,A,3,R,4,6,5,_,5,A,S,O
S,O,D,A,3,R,7,2,9,_,_,A,R,S
S,O,D,A,4,R,5,7,3,_,R,V,A,V
S,O,D,A,1,F,2,_,V,A,V,_,A,V
S,O,D,C,3,P,0,9,_,_,_,S,P,D
S,O,D,A,1,R,5,8,2,_,_,A,R,T
S,O,D,A,3,R,7,2,9,_,_,A,R,T
S,O,D,A,1,C,6,0,0,B,_,A,R,S
S,O,D,A,1,C,6,0,0,B,_,A,R,T
S,O,D,C,3,P,0,9,_,_,_,S,P,R
S,O,D,C,3,P,1,0,_,_,_,S,_,S
S,O,D,A,4,R,5,3,5,_,_,A,S,O
S,O,D,A,3,R,3,3,1,_,_,A,G,N
S,O,D,A,4,R,6,3,5,_,R,V,A,V
S,O,D,A,1,S,1,1,_,_,_,S,P,D
S,O,D,A,3,R,3,1,5,_,_,A,S,O
S,O,D,A,1,R,2,7,7,_,_,A,S,O
S,O,D,A,1,S,1,1,_,_,_,S,P,R
S,O,D,A,3,R,7,8,9,_,R,V,A,V
S,O,D,A,1,C,3,0,0,_,_,V,A,V
S,O,D,A,4,R,5,3,7,_,R,V,A,V
S,O,D,A,1,C,4,0,0,C,_,V,A,V
S,O,D,A,1,C,3,0,0,B,_,A,S,O
S,O,D,A,1,C,7,0,0,D,_,A,R,S
S,O,D,A,1,R,3,8,0,_,_,V,A,V
S,O,D,A,4,R,3,4,7,_,_,A,G,N
S,O,D,A,1,R,5,6,4,_,_,V,A,V
S,O,D,A,4,R,6,7,1,_,_,A,R,T
S,O,D,A,3,R,7,8,1,_,R,V,A,V
S,O,D,A,3,C,7,1,1,_,_,A,S,O
S,O,D,A,4,R,6,7,1,_,_,A,R,S
S,O,D,A,3,R,6,8,7,_,_,A,G,N
S,O,D,A,3,R,6,9,8,_,_,A,S,O
S,O,D,A,4,R,4,6,5,H,_,A,G,N
S,O,D,A,4,R,4,4,1,_,_,A,R,T
S,O,D,A,3,R,7,2,3,_,R,V,A,V
S,O,D,A,4,R,4,4,1,_,_,A,R,S
S,O,D,A,1,R,1,8,7,A,_,A,R,S
S,O,D,C,1,S,P,0,3,_,_,S,P,D
S,O,D,A,1,R,3,1,0,_,_,V,A,V
S,O,D,C,1,C,3,_,_,_,_,A,L,M
S,O,D,A,3,R,6,8,3,_,_,A,G,N
S,O,D,3,4,N,E,T,_,_,_,S,T,A
S,O,D,A,3,R,5,8,7,_,R,V,A,V
S,O,D,A,1,R,5,4,4,_,_,A,G,N
S,O,D,C,3,X,_,_,_,_,_,A,_,M
S,O,D,A,4,R,3,4,3,_,_,A,S,O
S,O,D,A,1,C,4,0,0,A,_,A,G,N
